Workbook

Sheet 1_요약
A1: (주)모닛 5개년 사업계획 요약 (2026~2030)
A2: AIoT 스마트 기저귀 케어(MECS PRO) · 글로벌 매출 전망 기반 손익계산서 — 단위: 억원(별도 표기 제외)
A4: 시나리오 선택 ▶ | C4: S1 경영계획(100%) | F4: ← 드롭다운으로 전환(모든 시트가 연동)
A5: 시나리오 번호(계산용) | C5: =IFERROR(MATCH(C4,'8_가정'!$C$16:$E$16,0),1) -> 1
A6: 바로가기 ▶ | C6: 2_손익계산서 | E6: 10_IR정합 | G6: 9_시나리오 | I6: 6_거래처현황
A7: 핵심 지표 | C7: 2025A | D7: 2026E | E7: 2027E | F7: 2028E | G7: 2029E | H7: 2030E | I7: CAGR('25~'30)
A8: 매출액 | C8: ='3_연간손익'!C7/100000 -> 8.5416309 | D8: ='3_연간손익'!D7/100000 -> 12.01217 | E8: ='3_연간손익'!E7/100000 -> 100.05 | F8: ='3_연간손익'!F7/100000 -> 330 | G8: ='3_연간손익'!G7/100000 -> 700 | H8: ='3_연간손익'!H7/100000 -> 1560 | I8: =IFERROR(('3_연간손익'!H7/'3_연간손익'!C7)^(1/5)-1,"n/a") -> 1.8334579
A9: 전년 대비 성장률 | C9: ='3_연간손익'!C7/'3_연간손익'!B7-1 -> 0.053841471 | D9: ='3_연간손익'!D8 -> 0.40630872 | E9: ='3_연간손익'!E8 -> 7.329053 | F9: ='3_연간손익'!F8 -> 2.2983508 | G9: ='3_연간손익'!G8 -> 1.1212121 | H9: ='3_연간손익'!H8 -> 1.2285714
A10: 매출총이익 | C10: ='3_연간손익'!C10/100000 -> 4.5343539 | D10: ='3_연간손익'!D10/100000 -> 5.9961595 | E10: ='3_연간손익'!E10/100000 -> 39.792142 | F10: ='3_연간손익'!F10/100000 -> 130.8958 | G10: ='3_연간손익'!G10/100000 -> 279.72385 | H10: ='3_연간손익'!H10/100000 -> 638.35493 | I10: =IFERROR(('3_연간손익'!H10/'3_연간손익'!C10)^(1/5)-1,"n/a") -> 1.6897342
A11: 매출총이익률 | C11: ='3_연간손익'!C11 -> 0.53085341 | D11: ='3_연간손익'!D11 -> 0.49917371 | E11: ='3_연간손익'!E11 -> 0.39772256 | F11: ='3_연간손익'!F11 -> 0.39665393 | G11: ='3_연간손익'!G11 -> 0.3996055 | H11: ='3_연간손익'!H11 -> 0.40920188
A12: 영업이익 | C12: ='3_연간손익'!C13/100000 -> 0.26795791 | D12: ='3_연간손익'!D13/100000 -> 0.21957679 | E12: ='3_연간손익'!E13/100000 -> 8.7620313 | F12: ='3_연간손익'!F13/100000 -> 37.45981 | G12: ='3_연간손익'!G13/100000 -> 96.636987 | H12: ='3_연간손익'!H13/100000 -> 256.12898 | I12: =IFERROR(('3_연간손익'!H13/'3_연간손익'!C13)^(1/5)-1,"n/a") -> 2.9452854
A13: 영업이익률 | C13: ='3_연간손익'!C14 -> 0.031370813 | D13: ='3_연간손익'!D14 -> 0.018279527 | E13: ='3_연간손익'!E14 -> 0.087576525 | F13: ='3_연간손익'!F14 -> 0.11351458 | G13: ='3_연간손익'!G14 -> 0.13805284 | H13: ='3_연간손익'!H14 -> 0.16418524
A14: 당기순이익 | C14: ='3_연간손익'!C21/100000 -> 0.05167185 | D14: ='3_연간손익'!D21/100000 -> 0.41411242 | E14: ='3_연간손익'!E21/100000 -> 10.994031 | F14: ='3_연간손익'!F21/100000 -> 32.88184 | G14: ='3_연간손익'!G21/100000 -> 73.38165 | H14: ='3_연간손익'!H21/100000 -> 195.52153 | I14: =IFERROR(('3_연간손익'!H21/'3_연간손익'!C21)^(1/5)-1,"n/a") -> 4.1950306
A15: EBITDA | D15: ='3_연간손익'!D23/100000 -> 0.39957679 | E15: ='3_연간손익'!E23/100000 -> 13.121561 | F15: ='3_연간손익'!F23/100000 -> 42.740494 | G15: ='3_연간손익'!G23/100000 -> 103.53579 | H15: ='3_연간손익'!H23/100000 -> 264.93292
A16: 인원(기말, 명) | D16: ='3_연간손익'!D24 -> 7 | E16: ='3_연간손익'!E24 -> 22 | F16: ='3_연간손익'!F24 -> 85 | G16: ='3_연간손익'!G24 -> 130 | H16: ='3_연간손익'!H24 -> 260
A17: 인당 매출(백만원, 평균 인원 기준) | D17: ='3_연간손익'!D25 -> 171.60243 | E17: ='3_연간손익'!E25 -> 714.64286 | F17: ='3_연간손익'!F25 -> 616.82243 | G17: ='3_연간손익'!G25 -> 651.16279 | H17: ='3_연간손익'!H25 -> 800
A18: 추정 유료 이용자(명, 평균) | D18: ='3_연간손익'!D26 -> 934.68621 | E18: ='3_연간손익'!E26 -> 7856.9 | F18: ='3_연간손익'!F26 -> 24986.21 | G18: ='3_연간손익'!G26 -> 50165.52 | H18: ='3_연간손익'!H26 -> 105594.41
A19: IR 매출 목표 | D19: ='3_연간손익'!D27/100000 -> 12 | E19: ='3_연간손익'!E27/100000 -> 100.05 | F19: ='3_연간손익'!F27/100000 -> 330 | G19: ='3_연간손익'!G27/100000 -> 700 | H19: ='3_연간손익'!H27/100000 -> 1560
A20: IR 대비 달성률 | D20: ='3_연간손익'!D28 -> 1.0010142 | E20: ='3_연간손익'!E28 -> 1 | F20: ='3_연간손익'!F28 -> 1 | G20: ='3_연간손익'!G28 -> 1 | H20: ='3_연간손익'!H28 -> 1
A22: 지역별 매출 (억원)
A23: 지역 | D23: 2026 | E23: 2027 | F23: 2028 | G23: 2029 | H23: 2030
A24: 한국 | D24: ='3_연간손익'!D46/100000 -> 6.57067 | E24: ='3_연간손익'!E46/100000 -> 64.33 | F24: ='3_연간손익'!F46/100000 -> 117.50264 | G24: ='3_연간손익'!G46/100000 -> 170.75924 | H24: ='3_연간손익'!H46/100000 -> 220.28629
A25: 일본 | D25: ='3_연간손익'!D47/100000 -> 0 | E25: ='3_연간손익'!E47/100000 -> 4.8 | F25: ='3_연간손익'!F47/100000 -> 90.74868 | G25: ='3_연간손익'!G47/100000 -> 291.87988 | H25: ='3_연간손익'!H47/100000 -> 605.35685
A26: 동남아·APAC | D26: ='3_연간손익'!D48/100000 -> 4.04488 | E26: ='3_연간손익'!E48/100000 -> 17.924 | F26: ='3_연간손익'!F48/100000 -> 38.511855 | G26: ='3_연간손익'!G48/100000 -> 73.104353 | H26: ='3_연간손익'!H48/100000 -> 152.00008
A27: 인도 | D27: ='3_연간손익'!D49/100000 -> 0.2 | E27: ='3_연간손익'!E49/100000 -> 2 | F27: ='3_연간손익'!F49/100000 -> 4.6 | G27: ='3_연간손익'!G49/100000 -> 12.6 | H27: ='3_연간손익'!H49/100000 -> 20.6
A28: 유럽 | D28: ='3_연간손익'!D50/100000 -> 1.19662 | E28: ='3_연간손익'!E50/100000 -> 8.3976 | F28: ='3_연간손익'!F50/100000 -> 15.158922 | G28: ='3_연간손익'!G50/100000 -> 62.891245 | H28: ='3_연간손익'!H50/100000 -> 130.85224
A29: 미국 | D29: ='3_연간손익'!D51/100000 -> 0 | E29: ='3_연간손익'!E51/100000 -> 1.624 | F29: ='3_연간손익'!F51/100000 -> 37.077903 | G29: ='3_연간손익'!G51/100000 -> 46.765284 | H29: ='3_연간손익'!H51/100000 -> 352.90454
A30: 글로벌(삼성채널) | D30: ='3_연간손익'!D52/100000 -> 0 | E30: ='3_연간손익'!E52/100000 -> 0.9744 | F30: ='3_연간손익'!F52/100000 -> 26.4 | G30: ='3_연간손익'!G52/100000 -> 42 | H30: ='3_연간손익'!H52/100000 -> 78
A31: 합계 | D31: =SUM(D24:D30) -> 12.01217 | E31: =SUM(E24:E30) -> 100.05 | F31: =SUM(F24:F30) -> 330 | G31: =SUM(G24:G30) -> 700 | H31: =SUM(H24:H30) -> 1560
A33: 근거수준별 매출 비중 — 얼마나 "확정"에 기대고 있는가
A34: 근거수준 | D34: 2026 | E34: 2027 | F34: 2028 | G34: 2029 | H34: 2030
A35: A 계약·기존 거래 | D35: ='3_연간손익'!D71 -> 0.71865866 | E35: ='3_연간손익'!E71 -> 0.5713943 | F35: ='3_연간손익'!F71 -> 0.30403442 | G35: ='3_연간손익'!G71 -> 0.20603495 | H35: ='3_연간손익'!H71 -> 0.11986507
A36: B 등록·입찰·협의 단계 | D36: ='3_연간손익'!D72 -> 0.28134134 | E36: ='3_연간손익'!E72 -> 0.34744628 | F36: ='3_연간손익'!F72 -> 0.26388873 | G36: ='3_연간손익'!G72 -> 0.22180511 | H36: ='3_연간손익'!H72 -> 0.14392885
A37: C 신규 파이프라인(미확정) | D37: ='3_연간손익'!D73 -> 0 | E37: ='3_연간손익'!E73 -> 0.08115942 | F37: ='3_연간손익'!F73 -> 0.43207685 | G37: ='3_연간손익'!G73 -> 0.57215994 | H37: ='3_연간손익'!H73 -> 0.73620608
A39: 제품별 매출 (억원)
A40: 제품 | D40: 2026 | E40: 2027 | F40: 2028 | G40: 2029 | H40: 2030
A41: 스마트 기저귀(전용 기저귀·패드, 소모품) | D41: ='3_연간손익'!D32/100000 -> 7.3902742 | E41: ='3_연간손익'!E32/100000 -> 69.8895 | F41: ='3_연간손익'!F32/100000 -> 220.89683 | G41: ='3_연간손익'!G32/100000 -> 434.54751 | H41: ='3_연간손익'!H32/100000 -> 900.93769
A42: 센서·BLE 게이트웨이(하드웨어) | D42: ='3_연간손익'!D33/100000 -> 2.4697051 | E42: ='3_연간손익'!E33/100000 -> 13.8663 | F42: ='3_연간손익'!F33/100000 -> 41.107007 | G42: ='3_연간손익'!G33/100000 -> 86.362007 | H42: ='3_연간손익'!H33/100000 -> 183.03207
A43: 앱·웹 모니터링 구독(SW·AI) | D43: ='3_연간손익'!D34/100000 -> 1.3562552 | E43: ='3_연간손익'!E34/100000 -> 10.527 | F43: ='3_연간손익'!F34/100000 -> 37.83068 | G43: ='3_연간손익'!G34/100000 -> 81.076728 | H43: ='3_연간손익'!H34/100000 -> 183.16315
A44: 바이탈 모니터링 센서(60GHz, 2026 Q4 출시) | D44: ='3_연간손익'!D35/100000 -> 0 | E44: ='3_연간손익'!E35/100000 -> 2.3824 | F44: ='3_연간손익'!F35/100000 -> 17.924461 | G44: ='3_연간손익'!G35/100000 -> 59.493502 | H44: ='3_연간손익'!H35/100000 -> 177.2389
A45: 스마트 욕창 케어(2027 출시) | D45: ='3_연간손익'!D36/100000 -> 0 | E45: ='3_연간손익'!E36/100000 -> 0.1624 | F45: ='3_연간손익'!F36/100000 -> 4.2493136 | G45: ='3_연간손익'!G36/100000 -> 22.838016 | H45: ='3_연간손익'!H36/100000 -> 82.822718
A46: R&D·PoC 용역 | D46: ='3_연간손익'!D37/100000 -> 0.7959355 | E46: ='3_연간손익'!E37/100000 -> 3.2224 | F46: ='3_연간손익'!F37/100000 -> 7.9917072 | G46: ='3_연간손익'!G37/100000 -> 15.682239 | H46: ='3_연간손익'!H37/100000 -> 32.80547
A48: 카테고리별 매출 (억원) — 베이비 / 엘더리
A49: 카테고리 | D49: 2026 | E49: 2027 | F49: 2028 | G49: 2029 | H49: 2030
A50: 베이비 | D50: ='3_연간손익'!D41/100000 -> 2.34543 | E50: ='3_연간손익'!E41/100000 -> 24.71 | F50: ='3_연간손익'!F41/100000 -> 42.274 | G50: ='3_연간손익'!G41/100000 -> 58.9368 | H50: ='3_연간손익'!H41/100000 -> 74.795136
A51: 엘더리 | D51: ='3_연간손익'!D42/100000 -> 9.66674 | E51: ='3_연간손익'!E42/100000 -> 75.34 | F51: ='3_연간손익'!F42/100000 -> 287.726 | G51: ='3_연간손익'!G42/100000 -> 641.0632 | H51: ='3_연간손익'!H42/100000 -> 1485.2049
A52: 합계 | D52: =SUM(D50:D51) -> 12.01217 | E52: =SUM(E50:E51) -> 100.05 | F52: =SUM(F50:F51) -> 330 | G52: =SUM(G50:G51) -> 700 | H52: =SUM(H50:H51) -> 1560
A55: 읽는 법 · 핵심 전제
A56: • 헤드라인(S1): 2026은 거래처 매출표 사실 기준(실적 + 확정·예상 발주), 2027~2030은 IR 전망(100.05억·330억·700억·1,560억)과 정확히 일치하며 거래처·제품·카테고리(베이비/엘더리)·지역으로 분해되어 있습니다.
A57: • 지역 구성: 2027은 거래처 매출표 구조(한국 중심), 2028~2030은 IR 차트의 지역 비중(일본·미국 확대)에 맞춰 신규 파이프라인을 배분합니다(10_IR정합 §8).
A58: • 2026~2027은 월별(2_손익계산서), 2028~2030은 연간입니다. 2026-01~09 매출은 실적(잠정)이며 비용은 추정이라 회계 마감 시 교체가 필요합니다.
A59: • 모든 시트의 매출은 4_매출_거래처 B블록 한 곳에서 파생되어 합계가 일치합니다(제품·카테고리·지역·채널·근거수준·손익계산서·연간손익·요약: 10_IR정합 §5 검증).
A60: • S1(경영계획) 100% · S2(기준) 80% · S3(보수) 60%: 각 연도 매출을 S1 대비 일정 비율로 낮추는 완만한 시나리오입니다(2026은 1~9월 실적 고정 후 10~12월에 역산 적용). 9_시나리오 비교.
A61: • 파란색 = 입력값, 검정 = 수식(산출 시트), 초록 = 계산 시트 간 연동, 노란 배경 = 핵심 가정.
A63: ※ 억원 단위 소수 첫째 자리 반올림으로 항목 합계가 합계와 0.1억 차이날 수 있습니다.

Sheet 2_손익계산서
A1: (주)모닛 5개년 사업계획 — 손익계산서 (2026~2030)
A2: ="단위: 천원 | 시나리오: "&'1_요약'!$C$4&" | 2026-01~09: 매출 = 거래처 매출표 실적(잠정, 비용은 추정·회계 마감 시 교체) · 2026-10부터 계획" -> 단위: 천원 | 시나리오: S1 경영계획(100%) | 2026-01~09: 매출 = 거래처 매출표 실적(잠정, 비용은 추정·회계 마감 시 교체) · 2026-10부터 계획
A5: 계정과목 | B5: 비고 | C5: 2026-01 | D5: 2026-02 | E5: 2026-03 | F5: 2026-04 | G5: 2026-05 | H5: 2026-06 | I5: 2026-07 | J5: 2026-08 | K5: 2026-09 | L5: 2026-10 | M5: 2026-11 | N5: 2026-12 | O5: FY2026 | P5: 2027-01 | Q5: 2027-02 | R5: 2027-03 | S5: 2027-04 | T5: 2027-05 | U5: 2027-06 | V5: 2027-07 | W5: 2027-08 | X5: 2027-09 | Y5: 2027-10 | Z5: 2027-11 | AA5: 2027-12 | AB5: FY2027 | AC5: 2028E | AD5: 2029E | AE5: 2030E | AF5: 5개년 합계
C6: 잠정 | D6: 잠정 | E6: 잠정 | F6: 잠정 | G6: 잠정 | H6: 잠정 | I6: 잠정 | J6: 잠정 | K6: 잠정 | L6: 계획 | M6: 계획 | N6: 계획 | O6: FY합계 | P6: 계획 | Q6: 계획 | R6: 계획 | S6: 계획 | T6: 계획 | U6: 계획 | V6: 계획 | W6: 계획 | X6: 계획 | Y6: 계획 | Z6: 계획 | AA6: 계획 | AB6: FY합계 | AC6: 계획(연) | AD6: 계획(연) | AE6: 계획(연) | AF6: 합계
A7: Ⅰ. 매출액
A8: 1. 베이비 매출 | B8: 5_매출_제품지역 G블록(카테고리 × 제품) | C8: =SUM(C9:C11) -> 7738 | D8: =SUM(D9:D11) -> 9569 | E8: =SUM(E9:E11) -> 33009 | F8: =SUM(F9:F11) -> 10450 | G8: =SUM(G9:G11) -> 21318 | H8: =SUM(H9:H11) -> 50361 | I8: =SUM(I9:I11) -> 11631 | J8: =SUM(J9:J11) -> 7239 | ... AF8: =SUM(AF9:AF11) -> 20306137
A9: 스마트 기저귀(전용 기저귀·패드, 소모품) | C9: ='5_매출_제품지역'!C61 -> 6577.3 | D9: ='5_매출_제품지역'!D61 -> 8133.65 | E9: ='5_매출_제품지역'!E61 -> 28057.65 | F9: ='5_매출_제품지역'!F61 -> 8882.5 | G9: ='5_매출_제품지역'!G61 -> 18120.3 | H9: ='5_매출_제품지역'!H61 -> 42806.85 | I9: ='5_매출_제품지역'!I61 -> 9886.35 | J9: ='5_매출_제품지역'!J61 -> 6153.15 | ... N9: ='5_매출_제품지역'!N61 -> 32895 | O9: =SUM(C9:N9) -> 199361.55 | P9: ='5_매출_제품지역'!O61 -> 140317.15 | Q9: ='5_매출_제품지역'!P61 -> 128703.6 | R9: ='5_매출_제품지역'!Q61 -> 136294.95 | S9: ='5_매출_제품지역'!R61 -> 151938.35 | T9: ='5_매출_제품지역'!S61 -> 155111.4 | U9: ='5_매출_제품지역'!T61 -> 158590.45 | V9: ='5_매출_제품지역'!U61 -> 186203.55 | W9: ='5_매출_제품지역'!V61 -> 190383.85 | ... AA9: ='5_매출_제품지역'!Z61 -> 225143.75 | AB9: =SUM(P9:AA9) -> 2100350 | AC9: ='5_매출_제품지역'!AC61 -> 3593290 | AD9: ='5_매출_제품지역'!AD61 -> 5009628 | AE9: ='5_매출_제품지역'!AE61 -> 6357586.6 | AF9: =O9+AB9+AC9+AD9+AE9 -> 17260216
A10: 센서·BLE 게이트웨이(하드웨어) | C10: ='5_매출_제품지역'!C62 -> 386.9 | D10: ='5_매출_제품지역'!D62 -> 478.45 | E10: ='5_매출_제품지역'!E62 -> 1650.45 | F10: ='5_매출_제품지역'!F62 -> 522.5 | G10: ='5_매출_제품지역'!G62 -> 1065.9 | H10: ='5_매출_제품지역'!H62 -> 2518.05 | I10: ='5_매출_제품지역'!I62 -> 581.55 | J10: ='5_매출_제품지역'!J62 -> 361.95 | ... N10: ='5_매출_제품지역'!N62 -> 1935 | O10: =SUM(C10:N10) -> 11727.15 | P10: ='5_매출_제품지역'!O62 -> 8253.95 | Q10: ='5_매출_제품지역'!P62 -> 7570.8 | R10: ='5_매출_제품지역'!Q62 -> 8017.35 | S10: ='5_매출_제품지역'!R62 -> 8937.55 | T10: ='5_매출_제품지역'!S62 -> 9124.2 | U10: ='5_매출_제품지역'!T62 -> 9328.85 | V10: ='5_매출_제품지역'!U62 -> 10953.15 | W10: ='5_매출_제품지역'!V62 -> 11199.05 | ... AA10: ='5_매출_제품지역'!Z62 -> 13243.75 | AB10: =SUM(P10:AA10) -> 123550 | AC10: ='5_매출_제품지역'!AC62 -> 211370 | AD10: ='5_매출_제품지역'!AD62 -> 294684 | AE10: ='5_매출_제품지역'!AE62 -> 373975.68 | AF10: =O10+AB10+AC10+AD10+AE10 -> 1015306.8
A11: 앱·웹 모니터링 구독(SW·AI) | C11: ='5_매출_제품지역'!C63 -> 773.8 | D11: ='5_매출_제품지역'!D63 -> 956.9 | E11: ='5_매출_제품지역'!E63 -> 3300.9 | F11: ='5_매출_제품지역'!F63 -> 1045 | G11: ='5_매출_제품지역'!G63 -> 2131.8 | H11: ='5_매출_제품지역'!H63 -> 5036.1 | I11: ='5_매출_제품지역'!I63 -> 1163.1 | J11: ='5_매출_제품지역'!J63 -> 723.9 | ... N11: ='5_매출_제품지역'!N63 -> 3870 | O11: =SUM(C11:N11) -> 23454.3 | P11: ='5_매출_제품지역'!O63 -> 16507.9 | Q11: ='5_매출_제품지역'!P63 -> 15141.6 | R11: ='5_매출_제품지역'!Q63 -> 16034.7 | S11: ='5_매출_제품지역'!R63 -> 17875.1 | T11: ='5_매출_제품지역'!S63 -> 18248.4 | U11: ='5_매출_제품지역'!T63 -> 18657.7 | V11: ='5_매출_제품지역'!U63 -> 21906.3 | W11: ='5_매출_제품지역'!V63 -> 22398.1 | ... AA11: ='5_매출_제품지역'!Z63 -> 26487.5 | AB11: =SUM(P11:AA11) -> 247100 | AC11: ='5_매출_제품지역'!AC63 -> 422740 | AD11: ='5_매출_제품지역'!AD63 -> 589368 | AE11: ='5_매출_제품지역'!AE63 -> 747951.36 | AF11: =O11+AB11+AC11+AD11+AE11 -> 2030613.7
A12: 2. 엘더리 매출 | B12: 5_매출_제품지역 G블록(카테고리 × 제품) | C12: =SUM(C13:C18) -> 39329 | D12: =SUM(D13:D18) -> 26571 | E12: =SUM(E13:E18) -> 23445 | F12: =SUM(F13:F18) -> 485 | G12: =SUM(G13:G18) -> 999 | H12: =SUM(H13:H18) -> 1092 | I12: =SUM(I13:I18) -> 1683 | J12: =SUM(J13:J18) -> 687 | ... AF12: =SUM(AF13:AF18) -> 2.4990008e+08
A13: 스마트 기저귀(전용 기저귀·패드, 소모품) | C13: ='5_매출_제품지역'!C67 -> 24732.28 | D13: ='5_매출_제품지역'!D67 -> 19466.25 | E13: ='5_매출_제품지역'!E67 -> 14359.32 | F13: ='5_매출_제품지역'!F67 -> 388 | G13: ='5_매출_제품지역'!G67 -> 799.2 | H13: ='5_매출_제품지역'!H67 -> 873.6 | I13: ='5_매출_제품지역'!I67 -> 1346.4 | J13: ='5_매출_제품지역'!J67 -> 549.6 | ... N13: ='5_매출_제품지역'!N67 -> 196504 | O13: =SUM(C13:N13) -> 539665.87 | P13: ='5_매출_제품지역'!O67 -> 223804.4 | Q13: ='5_매출_제품지역'!P67 -> 253134.7 | R13: ='5_매출_제품지역'!Q67 -> 312561.4 | S13: ='5_매출_제품지역'!R67 -> 350893.06 | T13: ='5_매출_제품지역'!S67 -> 384353.58 | U13: ='5_매출_제품지역'!T67 -> 408422.5 | V13: ='5_매출_제품지역'!U67 -> 432872.34 | W13: ='5_매출_제품지역'!V67 -> 448314.14 | ... AA13: ='5_매출_제품지역'!Z67 -> 554050.84 | AB13: =SUM(P13:AA13) -> 4888600 | AC13: ='5_매출_제품지역'!AC67 -> 18496393 | AD13: ='5_매출_제품지역'!AD67 -> 38445123 | AE13: ='5_매출_제품지역'!AE67 -> 83736183 | AF13: =O13+AB13+AC13+AD13+AE13 -> 1.4610596e+08
A14: 센서·BLE 게이트웨이(하드웨어) | C14: ='5_매출_제품지역'!C68 -> 9840.64 | D14: ='5_매출_제품지역'!D68 -> 3796.86 | E14: ='5_매출_제품지역'!E68 -> 6600 | F14: ='5_매출_제품지역'!F68 -> 38.8 | G14: ='5_매출_제품지역'!G68 -> 79.92 | H14: ='5_매출_제품지역'!H68 -> 87.36 | I14: ='5_매출_제품지역'!I68 -> 134.64 | J14: ='5_매출_제품지역'!J68 -> 54.96 | ... N14: ='5_매출_제품지역'!N68 -> 170668.3 | O14: =SUM(C14:N14) -> 235243.36 | P14: ='5_매출_제품지역'!O68 -> 46901.04 | Q14: ='5_매출_제품지역'!P68 -> 54982.16 | R14: ='5_매출_제품지역'!Q68 -> 82014.42 | S14: ='5_매출_제품지역'!R68 -> 91623.7 | T14: ='5_매출_제품지역'!S68 -> 100009.08 | U14: ='5_매출_제품지역'!T68 -> 104722.46 | V14: ='5_매출_제품지역'!U68 -> 109690.96 | W14: ='5_매출_제품지역'!V68 -> 115917.48 | ... AA14: ='5_매출_제품지역'!Z68 -> 155805.2 | AB14: =SUM(P14:AA14) -> 1263080 | AC14: ='5_매출_제품지역'!AC68 -> 3899330.7 | AD14: ='5_매출_제품지역'!AD68 -> 8341516.7 | AE14: ='5_매출_제품지역'!AE68 -> 17929231 | AF14: =O14+AB14+AC14+AD14+AE14 -> 31668402
A15: 앱·웹 모니터링 구독(SW·AI) | C15: ='5_매출_제품지역'!C69 -> 4756.08 | D15: ='5_매출_제품지역'!D69 -> 3307.89 | E15: ='5_매출_제품지역'!E69 -> 2485.68 | F15: ='5_매출_제품지역'!F69 -> 58.2 | G15: ='5_매출_제품지역'!G69 -> 119.88 | H15: ='5_매출_제품지역'!H69 -> 131.04 | I15: ='5_매출_제품지역'!I69 -> 201.96 | J15: ='5_매출_제품지역'!J69 -> 82.44 | ... N15: ='5_매출_제품지역'!N69 -> 58421.15 | O15: =SUM(C15:N15) -> 112171.22 | P15: ='5_매출_제품지역'!O69 -> 36746.2 | Q15: ='5_매출_제품지역'!P69 -> 40948.75 | R15: ='5_매출_제품지역'!Q69 -> 53301 | S15: ='5_매출_제품지역'!R69 -> 58780.87 | T15: ='5_매출_제품지역'!S69 -> 63994.71 | U15: ='5_매출_제품지역'!T69 -> 67418.35 | V15: ='5_매출_제품지역'!U69 -> 70898.53 | W15: ='5_매출_제품지역'!V69 -> 73136.83 | ... AA15: ='5_매출_제품지역'!Z69 -> 91675.18 | AB15: =SUM(P15:AA15) -> 805600 | AC15: ='5_매출_제품지역'!AC69 -> 3360328 | AD15: ='5_매출_제품지역'!AD69 -> 7518304.8 | AE15: ='5_매출_제품지역'!AE69 -> 17568364 | AF15: =O15+AB15+AC15+AD15+AE15 -> 29364768
A16: 바이탈 모니터링 센서(60GHz, 2026 Q4 출시) | C16: ='5_매출_제품지역'!C70 -> 0 | D16: ='5_매출_제품지역'!D70 -> 0 | E16: ='5_매출_제품지역'!E70 -> 0 | F16: ='5_매출_제품지역'!F70 -> 0 | G16: ='5_매출_제품지역'!G70 -> 0 | H16: ='5_매출_제품지역'!H70 -> 0 | I16: ='5_매출_제품지역'!I70 -> 0 | J16: ='5_매출_제품지역'!J70 -> 0 | ... N16: ='5_매출_제품지역'!N70 -> 0 | O16: =SUM(C16:N16) -> 0 | P16: ='5_매출_제품지역'!O70 -> 10005.96 | Q16: ='5_매출_제품지역'!P70 -> 11292.99 | R16: ='5_매출_제품지역'!Q70 -> 15135.58 | S16: ='5_매출_제품지역'!R70 -> 16787.77 | T16: ='5_매출_제품지역'!S70 -> 19100.43 | U16: ='5_매출_제품지역'!T70 -> 20096.49 | V16: ='5_매출_제품지역'!U70 -> 21113.97 | W16: ='5_매출_제품지역'!V70 -> 21853.35 | ... AA16: ='5_매출_제품지역'!Z70 -> 27261.98 | AB16: =SUM(P16:AA16) -> 238240 | AC16: ='5_매출_제품지역'!AC70 -> 1792446.1 | AD16: ='5_매출_제품지역'!AD70 -> 5949350.2 | AE16: ='5_매출_제품지역'!AE70 -> 17723890 | AF16: =O16+AB16+AC16+AD16+AE16 -> 25703926
A17: 스마트 욕창 케어(2027 출시) | C17: ='5_매출_제품지역'!C71 -> 0 | D17: ='5_매출_제품지역'!D71 -> 0 | E17: ='5_매출_제품지역'!E71 -> 0 | F17: ='5_매출_제품지역'!F71 -> 0 | G17: ='5_매출_제품지역'!G71 -> 0 | H17: ='5_매출_제품지역'!H71 -> 0 | I17: ='5_매출_제품지역'!I71 -> 0 | J17: ='5_매출_제품지역'!J71 -> 0 | ... N17: ='5_매출_제품지역'!N71 -> 0 | O17: =SUM(C17:N17) -> 0 | P17: ='5_매출_제품지역'!O71 -> 487.2 | Q17: ='5_매출_제품지역'!P71 -> 487.2 | R17: ='5_매출_제품지역'!Q71 -> 1136.8 | S17: ='5_매출_제품지역'!R71 -> 1136.8 | T17: ='5_매출_제품지역'!S71 -> 1461.6 | U17: ='5_매출_제품지역'!T71 -> 1461.6 | V17: ='5_매출_제품지역'!U71 -> 1461.6 | W17: ='5_매출_제품지역'!V71 -> 1461.6 | ... AA17: ='5_매출_제품지역'!Z71 -> 1786.4 | AB17: =SUM(P17:AA17) -> 16240 | AC17: ='5_매출_제품지역'!AC71 -> 424931.36 | AD17: ='5_매출_제품지역'!AD71 -> 2283801.6 | AE17: ='5_매출_제품지역'!AE71 -> 8282271.8 | AF17: =O17+AB17+AC17+AD17+AE17 -> 11007245
A18: R&D·PoC 용역 | C18: ='5_매출_제품지역'!C72 -> 0 | D18: ='5_매출_제품지역'!D72 -> 0 | E18: ='5_매출_제품지역'!E72 -> 0 | F18: ='5_매출_제품지역'!F72 -> 0 | G18: ='5_매출_제품지역'!G72 -> 0 | H18: ='5_매출_제품지역'!H72 -> 0 | I18: ='5_매출_제품지역'!I72 -> 0 | J18: ='5_매출_제품지역'!J72 -> 0 | ... N18: ='5_매출_제품지역'!N72 -> 28343.55 | O18: =SUM(C18:N18) -> 79593.55 | P18: ='5_매출_제품지역'!O72 -> 4987.2 | Q18: ='5_매출_제품지역'!P72 -> 5868.2 | R18: ='5_매출_제품지역'!Q72 -> 18097.8 | S18: ='5_매출_제품지역'!R72 -> 23036.8 | T18: ='5_매출_제품지역'!S72 -> 25037.6 | U18: ='5_매출_제품지역'!T72 -> 26874.6 | V18: ='5_매출_제품지역'!U72 -> 28889.6 | W18: ='5_매출_제품지역'!V72 -> 31097.6 | ... AA18: ='5_매출_제품지역'!Z72 -> 45600.4 | AB18: =SUM(P18:AA18) -> 322240 | AC18: ='5_매출_제품지역'!AC72 -> 799170.72 | AD18: ='5_매출_제품지역'!AD72 -> 1568223.9 | AE18: ='5_매출_제품지역'!AE72 -> 3280547 | AF18: =O18+AB18+AC18+AD18+AE18 -> 6049775.2
A19: 매출액(베이비 + 엘더리) | C19: =C8+C12 -> 47067 | D19: =D8+D12 -> 36140 | E19: =E8+E12 -> 56454 | F19: =F8+F12 -> 10935 | G19: =G8+G12 -> 22317 | H19: =H8+H12 -> 51453 | I19: =I8+I12 -> 13314 | J19: =J8+J12 -> 7926 | ... AF19: =AF8+AF12 -> 270206217
A20: 전년 대비 성장률 | B20: 2026은 2025A 대비 | O20: =IFERROR(O19/'3_연간손익'!$C$7-1,0) -> 0.40630872 | AB20: =IFERROR(AB19/O19-1,0) -> 7.329053 | AC20: =IFERROR(AC19/AB19-1,0) -> 2.2983508 | AD20: =IFERROR(AD19/AC19-1,0) -> 1.1212121 | AE20: =IFERROR(AE19/AD19-1,0) -> 1.2285714
A21: 베이비 매출 비중 | C21: =IFERROR(C8/C19,0) -> 0.16440393 | D21: =IFERROR(D8/D19,0) -> 0.26477587 | E21: =IFERROR(E8/E19,0) -> 0.58470613 | F21: =IFERROR(F8/F19,0) -> 0.95564701 | G21: =IFERROR(G8/G19,0) -> 0.95523592 | H21: =IFERROR(H8/H19,0) -> 0.97877675 | I21: =IFERROR(I8/I19,0) -> 0.87359171 | J21: =IFERROR(J8/J19,0) -> 0.91332324 | ... AF21: =IFERROR(AF8/AF19,0) -> 0.075150516
A22: 검증: 거래처 매출 합계(4번 시트) − 매출액 (0이어야 함) | C22: ='4_매출_거래처'!X90-C19 -> 0 | D22: ='4_매출_거래처'!Y90-D19 -> 0 | E22: ='4_매출_거래처'!Z90-E19 -> 0 | F22: ='4_매출_거래처'!AA90-F19 -> 0 | G22: ='4_매출_거래처'!AB90-G19 -> 0 | H22: ='4_매출_거래처'!AC90-H19 -> 0 | I22: ='4_매출_거래처'!AD90-I19 -> 0 | J22: ='4_매출_거래처'!AE90-J19 -> 0 | ... N22: ='4_매출_거래처'!AI90-N19 -> 0 | O22: ='4_매출_거래처'!AV90-O19 -> 0 | P22: ='4_매출_거래처'!AJ90-P19 -> 0 | Q22: ='4_매출_거래처'!AK90-Q19 -> 0 | R22: ='4_매출_거래처'!AL90-R19 -> 0 | S22: ='4_매출_거래처'!AM90-S19 -> 0 | T22: ='4_매출_거래처'!AN90-T19 -> 0 | U22: ='4_매출_거래처'!AO90-U19 -> 0 | V22: ='4_매출_거래처'!AP90-V19 -> 0 | W22: ='4_매출_거래처'!AQ90-W19 -> 0 | ... AA22: ='4_매출_거래처'!AU90-AA19 -> 0 | AB22: ='4_매출_거래처'!AW90-AB19 -> 0 | AC22: ='4_매출_거래처'!AX90-AC19 -> 0 | AD22: ='4_매출_거래처'!AY90-AD19 -> 0 | AE22: ='4_매출_거래처'!AZ90-AE19 -> 0 | AF22: ='4_매출_거래처'!BA90-AF19 -> 0
A23: 검증: 베이비 소계 − 베이비 카테고리 합계(5번 시트) (0이어야 함) | C23: =C8-'5_매출_제품지역'!C18 -> 0 | D23: =D8-'5_매출_제품지역'!D18 -> 0 | E23: =E8-'5_매출_제품지역'!E18 -> 0 | F23: =F8-'5_매출_제품지역'!F18 -> 0 | G23: =G8-'5_매출_제품지역'!G18 -> 0 | H23: =H8-'5_매출_제품지역'!H18 -> 0 | I23: =I8-'5_매출_제품지역'!I18 -> 0 | J23: =J8-'5_매출_제품지역'!J18 -> 0 | ... N23: =N8-'5_매출_제품지역'!N18 -> 0 | O23: =O8-'5_매출_제품지역'!AA18 -> 0 | P23: =P8-'5_매출_제품지역'!O18 -> 0 | Q23: =Q8-'5_매출_제품지역'!P18 -> 0 | R23: =R8-'5_매출_제품지역'!Q18 -> 0 | S23: =S8-'5_매출_제품지역'!R18 -> 0 | T23: =T8-'5_매출_제품지역'!S18 -> 0 | U23: =U8-'5_매출_제품지역'!T18 -> 0 | V23: =V8-'5_매출_제품지역'!U18 -> 0 | W23: =W8-'5_매출_제품지역'!V18 -> 0 | ... AA23: =AA8-'5_매출_제품지역'!Z18 -> 0 | AB23: =AB8-'5_매출_제품지역'!AB18 -> 0 | AC23: =AC8-'5_매출_제품지역'!AC18 -> 0 | AD23: =AD8-'5_매출_제품지역'!AD18 -> 0 | AE23: =AE8-'5_매출_제품지역'!AE18 -> 0 | AF23: =AF8-'5_매출_제품지역'!AF18 -> 0
A25: Ⅱ. 매출원가
A26: 스마트 기저귀(전용 기저귀·패드, 소모품) 원가 | B26: 제품 매출(베이비+엘더리) × 원가율 | C26: ='5_매출_제품지역'!C9*'8_가정'!$C$37 -> 16907.173 | D26: ='5_매출_제품지역'!D9*'8_가정'!$C$37 -> 14903.946 | E26: ='5_매출_제품지역'!E9*'8_가정'!$C$37 -> 22905.164 | F26: ='5_매출_제품지역'!F9*'8_가정'!$C$37 -> 5006.07 | G26: ='5_매출_제품지역'!G9*'8_가정'!$C$37 -> 10216.53 | H26: ='5_매출_제품지역'!H9*'8_가정'!$C$37 -> 23587.443 | I26: ='5_매출_제품지역'!I9*'8_가정'!$C$37 -> 6065.685 | J26: ='5_매출_제품지역'!J9*'8_가정'!$C$37 -> 3619.485 | ... N26: ='5_매출_제품지역'!N9*'8_가정'!$C$37 -> 123875.46 | O26: =SUM(C26:N26) -> 399074.81 | P26: ='5_매출_제품지역'!O9*'8_가정'!$D$37 -> 229396.58 | Q26: ='5_매출_제품지역'!P9*'8_가정'!$D$37 -> 240558.13 | R26: ='5_매출_제품지역'!Q9*'8_가정'!$D$37 -> 282779.5 | S26: ='5_매출_제품지역'!R9*'8_가정'!$D$37 -> 316783.79 | T26: ='5_매출_제품지역'!S9*'8_가정'!$D$37 -> 339862.94 | U26: ='5_매출_제품지역'!T9*'8_가정'!$D$37 -> 357218.16 | V26: ='5_매출_제품지역'!U9*'8_가정'!$D$37 -> 390017.81 | W26: ='5_매출_제품지역'!V9*'8_가정'!$D$37 -> 402379.73 | ... AA26: ='5_매출_제품지역'!Z9*'8_가정'!$D$37 -> 490892.59 | AB26: =SUM(P26:AA26) -> 4403038.5 | AC26: ='5_매출_제품지역'!AC9*'8_가정'!$E$37 -> 14026949 | AD26: ='5_매출_제품지역'!AD9*'8_가정'!$F$37 -> 27593767 | AE26: ='5_매출_제품지역'!AE9*'8_가정'!$G$37 -> 57209544 | AF26: =O26+AB26+AC26+AD26+AE26 -> 1.0363237e+08
A27: 센서·BLE 게이트웨이(하드웨어) 원가 | B27: 제품 매출(베이비+엘더리) × 원가율 | C27: ='5_매출_제품지역'!C10*'8_가정'!$C$38 -> 4704.6684 | D27: ='5_매출_제품지역'!D10*'8_가정'!$C$38 -> 1966.6426 | E27: ='5_매출_제품지역'!E10*'8_가정'!$C$38 -> 3795.207 | F27: ='5_매출_제품지역'!F10*'8_가정'!$C$38 -> 258.198 | G27: ='5_매출_제품지역'!G10*'8_가정'!$C$38 -> 527.0772 | H27: ='5_매출_제품지역'!H10*'8_가정'!$C$38 -> 1198.4886 | I27: ='5_매출_제품지역'!I10*'8_가정'!$C$38 -> 329.4474 | J27: ='5_매출_제품지역'!J10*'8_가정'!$C$38 -> 191.7786 | ... N27: ='5_매출_제품지역'!N10*'8_가정'!$C$38 -> 79397.518 | O27: =SUM(C27:N27) -> 113606.43 | P27: ='5_매출_제품지역'!O10*'8_가정'!$D$38 -> 31438.344 | Q27: ='5_매출_제품지역'!P10*'8_가정'!$D$38 -> 35655.187 | R27: ='5_매출_제품지역'!Q10*'8_가정'!$D$38 -> 51318.109 | S27: ='5_매출_제품지역'!R10*'8_가정'!$D$38 -> 57319.912 | T27: ='5_매출_제품지역'!S10*'8_가정'!$D$38 -> 62205.97 | U27: ='5_매출_제품지역'!T10*'8_가정'!$D$38 -> 65009.247 | V27: ='5_매출_제품지역'!U10*'8_가정'!$D$38 -> 68767.143 | W27: ='5_매출_제품지역'!V10*'8_가정'!$D$38 -> 72456.422 | ... AA27: ='5_매출_제품지역'!Z10*'8_가정'!$D$38 -> 96357.902 | AB27: =SUM(P27:AA27) -> 790379.1 | AC27: ='5_매출_제품지역'!AC10*'8_가정'!$E$38 -> 2301992.4 | AD27: ='5_매출_제품지역'!AD10*'8_가정'!$F$38 -> 4749910.4 | AE27: ='5_매출_제품지역'!AE10*'8_가정'!$G$38 -> 9883731.9 | AF27: =O27+AB27+AC27+AD27+AE27 -> 17839620
A28: 앱·웹 모니터링 구독(SW·AI) 원가 | B28: 제품 매출(베이비+엘더리) × 원가율 | C28: ='5_매출_제품지역'!C11*'8_가정'!$C$39 -> 1105.976 | D28: ='5_매출_제품지역'!D11*'8_가정'!$C$39 -> 852.958 | E28: ='5_매출_제품지역'!E11*'8_가정'!$C$39 -> 1157.316 | F28: ='5_매출_제품지역'!F11*'8_가정'!$C$39 -> 220.64 | G28: ='5_매출_제품지역'!G11*'8_가정'!$C$39 -> 450.336 | H28: ='5_매출_제품지역'!H11*'8_가정'!$C$39 -> 1033.428 | I28: ='5_매출_제품지역'!I11*'8_가정'!$C$39 -> 273.012 | J28: ='5_매출_제품지역'!J11*'8_가정'!$C$39 -> 161.268 | ... N28: ='5_매출_제품지역'!N11*'8_가정'!$C$39 -> 12458.23 | O28: =SUM(C28:N28) -> 27125.104 | P28: ='5_매출_제품지역'!O11*'8_가정'!$D$39 -> 12780.984 | Q28: ='5_매출_제품지역'!P11*'8_가정'!$D$39 -> 13461.684 | R28: ='5_매출_제품지역'!Q11*'8_가정'!$D$39 -> 16640.568 | S28: ='5_매출_제품지역'!R11*'8_가정'!$D$39 -> 18397.433 | T28: ='5_매출_제품지역'!S11*'8_가정'!$D$39 -> 19738.346 | U28: ='5_매출_제품지역'!T11*'8_가정'!$D$39 -> 20658.252 | V28: ='5_매출_제품지역'!U11*'8_가정'!$D$39 -> 22273.159 | W28: ='5_매출_제품지역'!V11*'8_가정'!$D$39 -> 22928.383 | ... AA28: ='5_매출_제품지역'!Z11*'8_가정'!$D$39 -> 28359.043 | AB28: =SUM(P28:AA28) -> 252648 | AC28: ='5_매출_제품지역'!AC11*'8_가정'!$E$39 -> 870105.64 | AD28: ='5_매출_제품지역'!AD11*'8_가정'!$F$39 -> 1783688 | AE28: ='5_매출_제품지역'!AE11*'8_가정'!$G$39 -> 3846426.2 | AF28: =O28+AB28+AC28+AD28+AE28 -> 6779992.9
A29: 바이탈 모니터링 센서(60GHz, 2026 Q4 출시) 원가 | B29: 제품 매출(베이비+엘더리) × 원가율 | C29: ='5_매출_제품지역'!C12*'8_가정'!$C$40 -> 0 | D29: ='5_매출_제품지역'!D12*'8_가정'!$C$40 -> 0 | E29: ='5_매출_제품지역'!E12*'8_가정'!$C$40 -> 0 | F29: ='5_매출_제품지역'!F12*'8_가정'!$C$40 -> 0 | G29: ='5_매출_제품지역'!G12*'8_가정'!$C$40 -> 0 | H29: ='5_매출_제품지역'!H12*'8_가정'!$C$40 -> 0 | I29: ='5_매출_제품지역'!I12*'8_가정'!$C$40 -> 0 | J29: ='5_매출_제품지역'!J12*'8_가정'!$C$40 -> 0 | ... N29: ='5_매출_제품지역'!N12*'8_가정'!$C$40 -> 0 | O29: =SUM(C29:N29) -> 0 | P29: ='5_매출_제품지역'!O12*'8_가정'!$D$40 -> 6003.576 | Q29: ='5_매출_제품지역'!P12*'8_가정'!$D$40 -> 6775.794 | R29: ='5_매출_제품지역'!Q12*'8_가정'!$D$40 -> 9081.348 | S29: ='5_매출_제품지역'!R12*'8_가정'!$D$40 -> 10072.662 | T29: ='5_매출_제품지역'!S12*'8_가정'!$D$40 -> 11460.258 | U29: ='5_매출_제품지역'!T12*'8_가정'!$D$40 -> 12057.894 | V29: ='5_매출_제품지역'!U12*'8_가정'!$D$40 -> 12668.382 | W29: ='5_매출_제품지역'!V12*'8_가정'!$D$40 -> 13112.01 | ... AA29: ='5_매출_제품지역'!Z12*'8_가정'!$D$40 -> 16357.188 | AB29: =SUM(P29:AA29) -> 142944 | AC29: ='5_매출_제품지역'!AC12*'8_가정'!$E$40 -> 1039618.7 | AD29: ='5_매출_제품지역'!AD12*'8_가정'!$F$40 -> 3331636.1 | AE29: ='5_매출_제품지역'!AE12*'8_가정'!$G$40 -> 9570900.4 | AF29: =O29+AB29+AC29+AD29+AE29 -> 14085099
A30: 스마트 욕창 케어(2027 출시) 원가 | B30: 제품 매출(베이비+엘더리) × 원가율 | C30: ='5_매출_제품지역'!C13*'8_가정'!$C$41 -> 0 | D30: ='5_매출_제품지역'!D13*'8_가정'!$C$41 -> 0 | E30: ='5_매출_제품지역'!E13*'8_가정'!$C$41 -> 0 | F30: ='5_매출_제품지역'!F13*'8_가정'!$C$41 -> 0 | G30: ='5_매출_제품지역'!G13*'8_가정'!$C$41 -> 0 | H30: ='5_매출_제품지역'!H13*'8_가정'!$C$41 -> 0 | I30: ='5_매출_제품지역'!I13*'8_가정'!$C$41 -> 0 | J30: ='5_매출_제품지역'!J13*'8_가정'!$C$41 -> 0 | ... N30: ='5_매출_제품지역'!N13*'8_가정'!$C$41 -> 0 | O30: =SUM(C30:N30) -> 0 | P30: ='5_매출_제품지역'!O13*'8_가정'!$D$41 -> 282.576 | Q30: ='5_매출_제품지역'!P13*'8_가정'!$D$41 -> 282.576 | R30: ='5_매출_제품지역'!Q13*'8_가정'!$D$41 -> 659.344 | S30: ='5_매출_제품지역'!R13*'8_가정'!$D$41 -> 659.344 | T30: ='5_매출_제품지역'!S13*'8_가정'!$D$41 -> 847.728 | U30: ='5_매출_제품지역'!T13*'8_가정'!$D$41 -> 847.728 | V30: ='5_매출_제품지역'!U13*'8_가정'!$D$41 -> 847.728 | W30: ='5_매출_제품지역'!V13*'8_가정'!$D$41 -> 847.728 | ... AA30: ='5_매출_제품지역'!Z13*'8_가정'!$D$41 -> 1036.112 | AB30: =SUM(P30:AA30) -> 9419.2 | AC30: ='5_매출_제품지역'!AC13*'8_가정'!$E$41 -> 242210.88 | AD30: ='5_매출_제품지역'!AD13*'8_가정'!$F$41 -> 1256090.9 | AE30: ='5_매출_제품지역'!AE13*'8_가정'!$G$41 -> 4389604 | AF30: =O30+AB30+AC30+AD30+AE30 -> 5897325
A31: R&D·PoC 용역 원가 | B31: 제품 매출(베이비+엘더리) × 원가율 | C31: ='5_매출_제품지역'!C14*'8_가정'!$C$42 -> 0 | D31: ='5_매출_제품지역'!D14*'8_가정'!$C$42 -> 0 | E31: ='5_매출_제품지역'!E14*'8_가정'!$C$42 -> 0 | F31: ='5_매출_제품지역'!F14*'8_가정'!$C$42 -> 0 | G31: ='5_매출_제품지역'!G14*'8_가정'!$C$42 -> 0 | H31: ='5_매출_제품지역'!H14*'8_가정'!$C$42 -> 0 | I31: ='5_매출_제품지역'!I14*'8_가정'!$C$42 -> 0 | J31: ='5_매출_제품지역'!J14*'8_가정'!$C$42 -> 0 | ... N31: ='5_매출_제품지역'!N14*'8_가정'!$C$42 -> 15588.952 | O31: =SUM(C31:N31) -> 43776.452 | P31: ='5_매출_제품지역'!O14*'8_가정'!$D$42 -> 2742.96 | Q31: ='5_매출_제품지역'!P14*'8_가정'!$D$42 -> 3227.51 | R31: ='5_매출_제품지역'!Q14*'8_가정'!$D$42 -> 9953.79 | S31: ='5_매출_제품지역'!R14*'8_가정'!$D$42 -> 12670.24 | T31: ='5_매출_제품지역'!S14*'8_가정'!$D$42 -> 13770.68 | U31: ='5_매출_제품지역'!T14*'8_가정'!$D$42 -> 14781.03 | V31: ='5_매출_제품지역'!U14*'8_가정'!$D$42 -> 15889.28 | W31: ='5_매출_제품지역'!V14*'8_가정'!$D$42 -> 17103.68 | ... AA31: ='5_매출_제품지역'!Z14*'8_가정'!$D$42 -> 25080.22 | AB31: =SUM(P31:AA31) -> 177232 | AC31: ='5_매출_제품지역'!AC14*'8_가정'!$E$42 -> 439543.9 | AD31: ='5_매출_제품지역'!AD14*'8_가정'!$F$42 -> 862523.16 | AE31: ='5_매출_제품지역'!AE14*'8_가정'!$G$42 -> 1804300.8 | AF31: =O31+AB31+AC31+AD31+AE31 -> 3327376.3
A32: 운영성 매출원가 | B32: 물류·관세·보증·클라우드 | C32: =C19*'8_가정'!$C$43 -> 706.005 | D32: =D19*'8_가정'!$C$43 -> 542.1 | E32: =E19*'8_가정'!$C$43 -> 846.81 | F32: =F19*'8_가정'!$C$43 -> 164.025 | G32: =G19*'8_가정'!$C$43 -> 334.755 | H32: =H19*'8_가정'!$C$43 -> 771.795 | I32: =I19*'8_가정'!$C$43 -> 199.71 | J32: =J19*'8_가정'!$C$43 -> 118.89 | ... N32: =N19*'8_가정'!$C$43 -> 7389.555 | O32: =SUM(C32:N32) -> 18018.255 | P32: =P19*'8_가정'!$D$43 -> 12200.275 | Q32: =Q19*'8_가정'!$D$43 -> 12953.25 | R32: =R19*'8_가정'!$D$43 -> 16064.85 | S32: =S19*'8_가정'!$D$43 -> 18025.25 | T32: =T19*'8_가정'!$D$43 -> 19411.025 | U32: =U19*'8_가정'!$D$43 -> 20389.325 | V32: =V19*'8_가정'!$D$43 -> 22099.75 | W32: =W19*'8_가정'!$D$43 -> 22894.05 | ... AA32: =AA19*'8_가정'!$D$43 -> 28526.375 | AB32: =SUM(P32:AA32) -> 250125 | AC32: =AC19*'8_가정'!$E$43 -> 990000 | AD32: =AD19*'8_가정'!$F$43 -> 2450000 | AE32: =AE19*'8_가정'!$G$43 -> 5460000 | AF32: =O32+AB32+AC32+AD32+AE32 -> 9168143.3
A33: 매출원가 | C33: =SUM(C26:C32) -> 23423.823 | D33: =SUM(D26:D32) -> 18265.647 | E33: =SUM(E26:E32) -> 28704.497 | F33: =SUM(F26:F32) -> 5648.933 | G33: =SUM(G26:G32) -> 11528.698 | H33: =SUM(H26:H32) -> 26591.155 | I33: =SUM(I26:I32) -> 6867.8544 | J33: =SUM(J26:J32) -> 4091.4216 | ... AF33: =SUM(AF26:AF32) -> 1.6072993e+08
A34: 매출총이익 | C34: =C19-C33 -> 23643.177 | D34: =D19-D33 -> 17874.353 | E34: =E19-E33 -> 27749.503 | F34: =F19-F33 -> 5286.067 | G34: =G19-G33 -> 10788.302 | H34: =H19-H33 -> 24861.845 | I34: =I19-I33 -> 6446.1456 | J34: =J19-J33 -> 3834.5784 | ... AF34: =AF19-AF33 -> 1.0947629e+08
A35: 매출총이익률 | C35: =IFERROR(C34/C19,0) -> 0.50233024 | D35: =IFERROR(D34/D19,0) -> 0.49458643 | E35: =IFERROR(E34/E19,0) -> 0.49154184 | F35: =IFERROR(F34/F19,0) -> 0.48340805 | G35: =IFERROR(G34/G19,0) -> 0.48341183 | H35: =IFERROR(H34/H19,0) -> 0.48319525 | I35: =IFERROR(I34/I19,0) -> 0.48416296 | J35: =IFERROR(J34/J19,0) -> 0.48379743 | ... AF35: =IFERROR(AF34/AF19,0) -> 0.40515829
A37: Ⅲ. 판매비와관리비
A38: 급여 | B38: 개발비 자본화(8_가정) 차감 후 — 7_비용인력 31·61행 | C38: ='7_비용인력'!C19 -> 23833.8 | D38: ='7_비용인력'!D19 -> 23833.8 | E38: ='7_비용인력'!E19 -> 23833.8 | F38: ='7_비용인력'!F19 -> 23833.8 | G38: ='7_비용인력'!G19 -> 23833.8 | H38: ='7_비용인력'!H19 -> 23833.8 | I38: ='7_비용인력'!I19 -> 23833.8 | J38: ='7_비용인력'!J19 -> 23833.8 | ... AF38: ='7_비용인력'!AF19 -> 18960469
A39: 퇴직급여·4대보험·복리후생 | B39: 개발비 자본화(8_가정) 차감 후 — 7_비용인력 31·61행 | C39: ='7_비용인력'!C20 -> 5243.436 | D39: ='7_비용인력'!D20 -> 5243.436 | E39: ='7_비용인력'!E20 -> 5243.436 | F39: ='7_비용인력'!F20 -> 5243.436 | G39: ='7_비용인력'!G20 -> 5243.436 | H39: ='7_비용인력'!H20 -> 5243.436 | I39: ='7_비용인력'!I20 -> 5243.436 | J39: ='7_비용인력'!J20 -> 5243.436 | ... AF39: ='7_비용인력'!AF20 -> 4171303.2
A40: 광고선전·마케팅비 | C40: ='7_비용인력'!C21 -> 564.804 | D40: ='7_비용인력'!D21 -> 433.68 | E40: ='7_비용인력'!E21 -> 677.448 | F40: ='7_비용인력'!F21 -> 131.22 | G40: ='7_비용인력'!G21 -> 267.804 | H40: ='7_비용인력'!H21 -> 617.436 | I40: ='7_비용인력'!I21 -> 159.768 | J40: ='7_비용인력'!J21 -> 95.112 | ... AF40: ='7_비용인력'!AF21 -> 7688539.6
A41: 지급수수료 | C41: ='7_비용인력'!C22 -> 564.804 | D41: ='7_비용인력'!D22 -> 433.68 | E41: ='7_비용인력'!E22 -> 677.448 | F41: ='7_비용인력'!F22 -> 131.22 | G41: ='7_비용인력'!G22 -> 267.804 | H41: ='7_비용인력'!H22 -> 617.436 | I41: ='7_비용인력'!I22 -> 159.768 | J41: ='7_비용인력'!J22 -> 95.112 | ... AF41: ='7_비용인력'!AF22 -> 5912514.6
A42: 판매물류·CS비 | C42: ='7_비용인력'!C23 -> 1176.675 | D42: ='7_비용인력'!D23 -> 903.5 | E42: ='7_비용인력'!E23 -> 1411.35 | F42: ='7_비용인력'!F23 -> 273.375 | G42: ='7_비용인력'!G23 -> 557.925 | H42: ='7_비용인력'!H23 -> 1286.325 | I42: ='7_비용인력'!I23 -> 332.85 | J42: ='7_비용인력'!J23 -> 198.15 | ... AF42: ='7_비용인력'!AF23 -> 9235205.4
A43: 연구개발비(경상) | C43: ='7_비용인력'!C24 -> 1647.345 | D43: ='7_비용인력'!D24 -> 1264.9 | E43: ='7_비용인력'!E24 -> 1975.89 | F43: ='7_비용인력'!F24 -> 382.725 | G43: ='7_비용인력'!G24 -> 781.095 | H43: ='7_비용인력'!H24 -> 1800.855 | I43: ='7_비용인력'!I24 -> 465.99 | J43: ='7_비용인력'!J24 -> 277.41 | ... AF43: ='7_비용인력'!AF24 -> 8314217.6
A44: 임차·운영비 | C44: ='7_비용인력'!C25 -> 3000 | D44: ='7_비용인력'!D25 -> 3000 | E44: ='7_비용인력'!E25 -> 3000 | F44: ='7_비용인력'!F25 -> 3000 | G44: ='7_비용인력'!G25 -> 3000 | H44: ='7_비용인력'!H25 -> 3000 | I44: ='7_비용인력'!I25 -> 3000 | J44: ='7_비용인력'!J25 -> 3000 | ... AF44: ='7_비용인력'!AF25 -> 2080000
A45: 해외영업·출장비 | C45: ='7_비용인력'!C26 -> 3750 | D45: ='7_비용인력'!D26 -> 3750 | E45: ='7_비용인력'!E26 -> 3750 | F45: ='7_비용인력'!F26 -> 3750 | G45: ='7_비용인력'!G26 -> 3750 | H45: ='7_비용인력'!H26 -> 3750 | I45: ='7_비용인력'!I26 -> 3750 | J45: ='7_비용인력'!J26 -> 3750 | ... AF45: ='7_비용인력'!AF26 -> 2825000
A46: 감가상각·무형자산상각비 | C46: ='7_비용인력'!C27 -> 1500 | D46: ='7_비용인력'!D27 -> 1500 | E46: ='7_비용인력'!E27 -> 1500 | F46: ='7_비용인력'!F27 -> 1500 | G46: ='7_비용인력'!G27 -> 1500 | H46: ='7_비용인력'!H27 -> 1500 | I46: ='7_비용인력'!I27 -> 1500 | J46: ='7_비용인력'!J27 -> 1500 | ... AF46: ='7_비용인력'!AF27 -> 2552295.5
A47: 대손상각비 | C47: ='7_비용인력'!C28 -> 188.268 | D47: ='7_비용인력'!D28 -> 144.56 | E47: ='7_비용인력'!E28 -> 225.816 | F47: ='7_비용인력'!F28 -> 43.74 | G47: ='7_비용인력'!G28 -> 89.268 | H47: ='7_비용인력'!H28 -> 205.812 | I47: ='7_비용인력'!I28 -> 53.256 | J47: ='7_비용인력'!J28 -> 31.704 | ... AF47: ='7_비용인력'!AF28 -> 1349829.9
A48: 기타 판관비 | C48: ='7_비용인력'!C29 -> 941.34 | D48: ='7_비용인력'!D29 -> 722.8 | E48: ='7_비용인력'!E29 -> 1129.08 | F48: ='7_비용인력'!F29 -> 218.7 | G48: ='7_비용인력'!G29 -> 446.34 | H48: ='7_비용인력'!H29 -> 1029.06 | I48: ='7_비용인력'!I29 -> 266.28 | J48: ='7_비용인력'!J29 -> 158.52 | ... AF48: ='7_비용인력'!AF29 -> 6466174.3
A49: 판매비와관리비 | C49: =SUM(C38:C48) -> 42410.472 | D49: =SUM(D38:D48) -> 41230.356 | E49: =SUM(E38:E48) -> 43424.268 | F49: =SUM(F38:F48) -> 38508.216 | G49: =SUM(G38:G48) -> 39737.472 | H49: =SUM(H38:H48) -> 42884.16 | I49: =SUM(I38:I48) -> 38765.148 | J49: =SUM(J38:J48) -> 38183.244 | ... AF49: =SUM(AF38:AF48) -> 69555549
A50: 영업이익(손실) | C50: =C34-C49 -> -18767.295 | D50: =D34-D49 -> -23356.003 | E50: =E34-E49 -> -15674.765 | F50: =F34-F49 -> -33222.149 | G50: =G34-G49 -> -28949.17 | H50: =H34-H49 -> -18022.315 | I50: =I34-I49 -> -32319.002 | J50: =J34-J49 -> -34348.666 | ... AF50: =AF34-AF49 -> 39920738
A51: 영업이익률 | C51: =IFERROR(C50/C19,0) -> -0.39873573 | D51: =IFERROR(D50/D19,0) -> -0.6462646 | E51: =IFERROR(E50/E19,0) -> -0.27765552 | F51: =IFERROR(F50/F19,0) -> -3.0381481 | G51: =IFERROR(G50/G19,0) -> -1.2971802 | H51: =IFERROR(H50/H19,0) -> -0.35026752 | I51: =IFERROR(I50/I19,0) -> -2.427445 | J51: =IFERROR(J50/J19,0) -> -4.3336696 | ... AF51: =IFERROR(AF50/AF19,0) -> 0.14774175
A53: Ⅳ. 영업외손익 · 법인세
A54: 영업외수익 | C54: =C55 -> 4564.0117 | D54: =D55 -> 4181.5667 | E54: =E55 -> 4892.5567 | F54: =F55 -> 3299.3917 | G54: =G55 -> 3697.7617 | H54: =H55 -> 4717.5217 | I54: =I55 -> 3382.6567 | J54: =J55 -> 3194.0767 | ... AF54: =AF55 -> 677042.59
A55: (정부보조금수익) | C55: ='7_비용인력'!C33 -> 4564.0117 | D55: ='7_비용인력'!D33 -> 4181.5667 | E55: ='7_비용인력'!E33 -> 4892.5567 | F55: ='7_비용인력'!F33 -> 3299.3917 | G55: ='7_비용인력'!G33 -> 3697.7617 | H55: ='7_비용인력'!H33 -> 4717.5217 | I55: ='7_비용인력'!I33 -> 3382.6567 | J55: ='7_비용인력'!J33 -> 3194.0767 | ... AF55: ='7_비용인력'!AF33 -> 677042.59
A56: 영업외비용 | C56: =C57 -> 4799.086 | D56: =D57 -> 4799.086 | E56: =E57 -> 4799.086 | F56: =F57 -> 4799.086 | G56: =G57 -> 4799.086 | H56: =H57 -> 4799.086 | I56: =I57 -> 4799.086 | J56: =J57 -> 4799.086 | ... AF56: =AF57 -> 1238389
A57: (이자비용) | C57: ='7_비용인력'!C34 -> 4799.086 | D57: ='7_비용인력'!D34 -> 4799.086 | E57: ='7_비용인력'!E34 -> 4799.086 | F57: ='7_비용인력'!F34 -> 4799.086 | G57: ='7_비용인력'!G34 -> 4799.086 | H57: ='7_비용인력'!H34 -> 4799.086 | I57: ='7_비용인력'!I34 -> 4799.086 | J57: ='7_비용인력'!J34 -> 4799.086 | ... AF57: ='7_비용인력'!AF34 -> 1238389
A58: 법인세차감전순이익 | C58: =C50+C54-C56 -> -19002.369 | D58: =D50+D54-D56 -> -23973.522 | E58: =E50+E54-E56 -> -15581.294 | F58: =F50+F54-F56 -> -34721.843 | G58: =G50+G54-G56 -> -30050.495 | H58: =H50+H54-H56 -> -18103.879 | I58: =I50+I54-I56 -> -33735.432 | J58: =J50+J54-J56 -> -35953.675 | ... AF58: =AF50+AF54-AF56 -> 39359392
A59: 법인세등 | B59: 이월결손금 공제 후 산출(7_비용인력) | C59: ='7_비용인력'!C49 -> 0 | D59: ='7_비용인력'!D49 -> 0 | E59: ='7_비용인력'!E49 -> 0 | F59: ='7_비용인력'!F49 -> 0 | G59: ='7_비용인력'!G49 -> 0 | H59: ='7_비용인력'!H49 -> 0 | I59: ='7_비용인력'!I49 -> 0 | J59: ='7_비용인력'!J49 -> 0 | ... N59: ='7_비용인력'!N49 -> 0 | O59: =SUM(C59:N59) -> 0 | P59: ='7_비용인력'!P49 -> 0 | Q59: ='7_비용인력'!Q49 -> 0 | R59: ='7_비용인력'!R49 -> 0 | S59: ='7_비용인력'!S49 -> 0 | T59: ='7_비용인력'!T49 -> 0 | U59: ='7_비용인력'!U49 -> 0 | V59: ='7_비용인력'!V49 -> 0 | W59: ='7_비용인력'!W49 -> 0 | ... AA59: ='7_비용인력'!AA49 -> 0 | AB59: =SUM(P59:AA59) -> 0 | AC59: ='7_비용인력'!AC49 -> 365796.94 | AD59: ='7_비용인력'!AD49 -> 2041533.7 | AE59: ='7_비용인력'!AE49 -> 5632745.3 | AF59: =O59+AB59+AC59+AD59+AE59 -> 8040075.9
A60: 당기순이익(손실) | C60: =C58-C59 -> -19002.369 | D60: =D58-D59 -> -23973.522 | E60: =E58-E59 -> -15581.294 | F60: =F58-F59 -> -34721.843 | G60: =G58-G59 -> -30050.495 | H60: =H58-H59 -> -18103.879 | I60: =I58-I59 -> -33735.432 | J60: =J58-J59 -> -35953.675 | ... AF60: =AF58-AF59 -> 31319316
A61: 순이익률 | C61: =IFERROR(C60/C19,0) -> -0.40373019 | D61: =IFERROR(D60/D19,0) -> -0.66335146 | E61: =IFERROR(E60/E19,0) -> -0.27599983 | F61: =IFERROR(F60/F19,0) -> -3.1752943 | G61: =IFERROR(G60/G19,0) -> -1.3465293 | H61: =IFERROR(H60/H19,0) -> -0.35185274 | I61: =IFERROR(I60/I19,0) -> -2.5338314 | J61: =IFERROR(J60/J19,0) -> -4.5361689 | ... AF61: =IFERROR(AF60/AF19,0) -> 0.11590894
A63: 참고 지표
A64: EBITDA(영업이익 + 감가·상각) | C64: =C50+C46 -> -17267.295 | D64: =D50+D46 -> -21856.003 | E64: =E50+E46 -> -14174.765 | F64: =F50+F46 -> -31722.149 | G64: =G50+G46 -> -27449.17 | H64: =H50+H46 -> -16522.315 | I64: =I50+I46 -> -30819.002 | J64: =J50+J46 -> -32848.666 | ... AF64: =AF50+AF46 -> 42473034
A65: EBITDA 마진 | C65: =IFERROR(C64/C19,0) -> -0.36686627 | D65: =IFERROR(D64/D19,0) -> -0.60475934 | E65: =IFERROR(E64/E19,0) -> -0.25108522 | F65: =IFERROR(F64/F19,0) -> -2.9009738 | G65: =IFERROR(G64/G19,0) -> -1.2299669 | H65: =IFERROR(H64/H19,0) -> -0.3211147 | I65: =IFERROR(I64/I19,0) -> -2.3147816 | J65: =IFERROR(J64/J19,0) -> -4.1444191 | ... AF65: =IFERROR(AF64/AF19,0) -> 0.15718748
A66: 인원(기말, 명) | B66: 7_비용인력 | C66: ='7_비용인력'!C14 -> 7 | D66: ='7_비용인력'!D14 -> 7 | E66: ='7_비용인력'!E14 -> 7 | F66: ='7_비용인력'!F14 -> 7 | G66: ='7_비용인력'!G14 -> 7 | H66: ='7_비용인력'!H14 -> 7 | I66: ='7_비용인력'!I14 -> 7 | J66: ='7_비용인력'!J14 -> 7 | ... AE66: ='7_비용인력'!AE14 -> 260
A67: 인당 매출(백만원, 평균 인원 기준) | B67: 연 매출 ÷ 평균 인원 | O67: =IFERROR(O19/1000/'7_비용인력'!O15,0) -> 171.60243 | AB67: =IFERROR(AB19/1000/'7_비용인력'!AB15,0) -> 714.64286 | AC67: =IFERROR(AC19/1000/'7_비용인력'!AC15,0) -> 616.82243 | AD67: =IFERROR(AD19/1000/'7_비용인력'!AD15,0) -> 651.16279 | AE67: =IFERROR(AE19/1000/'7_비용인력'!AE15,0) -> 800
A68: 추정 유료 이용자(명, 평균) | B68: 구독형 매출 ÷ ARPU(120만원) | C68: ='5_매출_제품지역'!C58 -> 470.67 | D68: ='5_매출_제품지역'!D58 -> 361.4 | E68: ='5_매출_제품지역'!E58 -> 564.54 | F68: ='5_매출_제품지역'!F58 -> 109.35 | G68: ='5_매출_제품지역'!G58 -> 223.17 | H68: ='5_매출_제품지역'!H58 -> 514.53 | I68: ='5_매출_제품지역'!I58 -> 133.14 | J68: ='5_매출_제품지역'!J58 -> 79.26 | ... N68: ='5_매출_제품지역'!N58 -> 4642.9345 | O68: ='5_매출_제품지역'!AA58 -> 934.68621 | P68: ='5_매출_제품지역'!O58 -> 4725.3064 | Q68: ='5_매출_제품지역'!P58 -> 5004.8161 | R68: ='5_매출_제품지역'!Q58 -> 6082.2382 | S68: ='5_매출_제품지역'!R58 -> 6800.4863 | T68: ='5_매출_제품지역'!S58 -> 7308.4137 | U68: ='5_매출_제품지역'!T58 -> 7671.4031 | V68: ='5_매출_제품지역'!U58 -> 8325.2483 | W68: ='5_매출_제품지역'!V58 -> 8613.4945 | ... AA68: ='5_매출_제품지역'!Z58 -> 10664.062 | AB68: ='5_매출_제품지역'!AB58 -> 7856.9 | AC68: ='5_매출_제품지역'!AC58 -> 24986.21 | AD68: ='5_매출_제품지역'!AD58 -> 50165.52 | AE68: ='5_매출_제품지역'!AE58 -> 105594.41
A69: IR 매출 목표 | B69: IR p.24 | O69: ='8_가정'!$C$6 -> 1200000 | AB69: ='8_가정'!$D$6 -> 10005000 | AC69: ='8_가정'!$E$6 -> 33000000 | AD69: ='8_가정'!$F$6 -> 70000000 | AE69: ='8_가정'!$G$6 -> 156000000 | AF69: =O69+AB69+AC69+AD69+AE69 -> 270205000
A70: IR 대비 달성률 | O70: =IFERROR(O19/O69,0) -> 1.0010142 | AB70: =IFERROR(AB19/AB69,0) -> 1 | AC70: =IFERROR(AC19/AC69,0) -> 1 | AD70: =IFERROR(AD19/AD69,0) -> 1 | AE70: =IFERROR(AE19/AE69,0) -> 1 | AF70: =IFERROR(AF19/AF69,0) -> 1.0000045
A72: ※ 매출액 = 베이비 매출 + 엘더리 매출(각 제품별 내역은 거래처별 빌드 4_매출_거래처 × 제품 믹스 8_가정). 매출액 = 4번 시트 B합계(검증 행 참조).
A73: ※ 2026-01~09 매출은 거래처 매출표 실적(잠정), 10~12월은 확정·예상 발주이며, 2026 비용은 추정치입니다(회계 마감 시 실적으로 교체). 2027~2030은 IR 매출 목표와 일치하는 계획.
A74: ※ 매출원가는 제품별 원가율 + 운영성 원가, 판관비는 인원·변동비율·고정비로 산출(7_비용인력·8_가정).
A75: ※ 천원 미만 단수 처리로 표시된 항목 합계와 소계·이익이 ±1천원 차이날 수 있습니다(내부 계산값은 정확히 일치).
A76: ※ 신제품(P4·P5) 매출은 연 단위 제품 믹스로 배분되어, 출시 분기 이전 월에도 사전 예약·PoC 물량이 배분됩니다.
A77: ※ 2026 비용은 연간 추정치를 월 균등 배분했고 매출은 4분기에 집중되어 2026 Q4 월 영업이익률이 일시적으로 높게 표시됩니다. 2027-01부터 원가율(소모품 비중 확대), 기존 개발비 상각 개시, 해외 거점 임차·출장 확대, 개발비 자본화율 하향(40%→20%)이 함께 적용되므로 손익은 연간 기준으로 해석하십시오.

Sheet 3_연간손익
A1: 3_연간손익 — 2024A~2030E 연간 요약
A2: 단위: 천원. 2024·2025 = 투자사 양식 IS(2025 감사보고서, 효림회계법인 적정의견), 2026E~ = 손익계산서 시트(선택 시나리오).
A5: 구분 | B5: 2024A | C5: 2025A | D5: 2026E | E5: 2027E | F5: 2028E | G5: 2029E | H5: 2030E | I5: CAGR('25~'30)
B6: 실적 | C6: 실적 | D6: 잠정+계획 | E6: 계획 | F6: 계획 | G6: 계획 | H6: 계획
A7: 매출액 | B7: 810523.32 | C7: 854163.09 | D7: ='2_손익계산서'!O19 -> 1201217 | E7: ='2_손익계산서'!AB19 -> 10005000 | F7: ='2_손익계산서'!AC19 -> 33000000 | G7: ='2_손익계산서'!AD19 -> 70000000 | H7: ='2_손익계산서'!AE19 -> 156000000 | I7: =IFERROR((H7/C7)^(1/5)-1,"n/a") -> 1.8334579
A8: 전년 대비 성장률 | C8: =C7/B7-1 -> 0.053841471 | D8: =IFERROR(D7/C7-1,0) -> 0.40630872 | E8: =IFERROR(E7/D7-1,0) -> 7.329053 | F8: =IFERROR(F7/E7-1,0) -> 2.2983508 | G8: =IFERROR(G7/F7-1,0) -> 1.1212121 | H8: =IFERROR(H7/G7-1,0) -> 1.2285714
A9: 매출원가 | B9: 333442.72 | C9: 400727.7 | D9: ='2_손익계산서'!O33 -> 601601.05 | E9: ='2_손익계산서'!AB33 -> 6025785.8 | F9: ='2_손익계산서'!AC33 -> 19910420 | G9: ='2_손익계산서'!AD33 -> 42027615 | H9: ='2_손익계산서'!AE33 -> 92164507
A10: 매출총이익 | B10: =B7-B9 -> 477080.61 | C10: =C7-C9 -> 453435.39 | D10: =D7-D9 -> 599615.95 | E10: =E7-E9 -> 3979214.2 | F10: =F7-F9 -> 13089580 | G10: =G7-G9 -> 27972385 | H10: =H7-H9 -> 63835493 | I10: =IFERROR((H10/C10)^(1/5)-1,"n/a") -> 1.6897342
A11: 매출총이익률 | B11: =IFERROR(B10/B7,0) -> 0.58860812 | C11: =IFERROR(C10/C7,0) -> 0.53085341 | D11: =IFERROR(D10/D7,0) -> 0.49917371 | E11: =IFERROR(E10/E7,0) -> 0.39772256 | F11: =IFERROR(F10/F7,0) -> 0.39665393 | G11: =IFERROR(G10/G7,0) -> 0.3996055 | H11: =IFERROR(H10/H7,0) -> 0.40920188
A12: 판매비와관리비 | B12: 506844.64 | C12: 426639.6 | D12: ='2_손익계산서'!O49 -> 577658.27 | E12: ='2_손익계산서'!AB49 -> 3103011.1 | F12: ='2_손익계산서'!AC49 -> 9343598.7 | G12: ='2_손익계산서'!AD49 -> 18308686 | H12: ='2_손익계산서'!AE49 -> 38222595
A13: 영업이익(손실) | B13: =B10-B12 -> -29764.036 | C13: =C10-C12 -> 26795.791 | D13: =D10-D12 -> 21957.679 | E13: =E10-E12 -> 876203.13 | F13: =F10-F12 -> 3745981 | G13: =G10-G12 -> 9663698.7 | H13: =H10-H12 -> 25612898 | I13: =IFERROR((H13/C13)^(1/5)-1,"n/a") -> 2.9452854
A14: 영업이익률 | B14: =IFERROR(B13/B7,0) -> -0.036721998 | C14: =IFERROR(C13/C7,0) -> 0.031370813 | D14: =IFERROR(D13/D7,0) -> 0.018279527 | E14: =IFERROR(E13/E7,0) -> 0.087576525 | F14: =IFERROR(F13/F7,0) -> 0.11351458 | G14: =IFERROR(G13/G7,0) -> 0.13805284 | H14: =IFERROR(H13/H7,0) -> 0.16418524
A15: 영업외수익 | B15: 99422.6 | C15: 35830.08 | D15: ='2_손익계산서'!O54 -> 77042.595 | E15: ='2_손익계산서'!AB54 -> 300000 | F15: ='2_손익계산서'!AC54 -> 100000 | G15: ='2_손익계산서'!AD54 -> 100000 | H15: ='2_손익계산서'!AE54 -> 100000
A16: (정부보조금수익) | B16: 88251.938 | C16: 30520.905 | D16: ='2_손익계산서'!O55 -> 77042.595 | E16: ='2_손익계산서'!AB55 -> 300000 | F16: ='2_손익계산서'!AC55 -> 100000 | G16: ='2_손익계산서'!AD55 -> 100000 | H16: ='2_손익계산서'!AE55 -> 100000
A17: 영업외비용 | B17: 62966.483 | C17: 57458.686 | D17: ='2_손익계산서'!O56 -> 57589.032 | E17: ='2_손익계산서'!AB56 -> 76800 | F17: ='2_손익계산서'!AC56 -> 192000 | G17: ='2_손익계산서'!AD56 -> 384000 | H17: ='2_손익계산서'!AE56 -> 528000
A18: (이자비용) | B18: 47544.865 | C18: 49788.161 | D18: ='2_손익계산서'!O57 -> 57589.032 | E18: ='2_손익계산서'!AB57 -> 76800 | F18: ='2_손익계산서'!AC57 -> 192000 | G18: ='2_손익계산서'!AD57 -> 384000 | H18: ='2_손익계산서'!AE57 -> 528000
A19: 법인세차감전순이익 | B19: =B13+B15-B17 -> 6692.081 | C19: =C13+C15-C17 -> 5167.185 | D19: =D13+D15-D17 -> 41411.242 | E19: =E13+E15-E17 -> 1099403.1 | F19: =F13+F15-F17 -> 3653981 | G19: =G13+G15-G17 -> 9379698.7 | H19: =H13+H15-H17 -> 25184898
A20: 법인세등 | B20: 0 | C20: 0 | D20: ='2_손익계산서'!O59 -> 0 | E20: ='2_손익계산서'!AB59 -> 0 | F20: ='2_손익계산서'!AC59 -> 365796.94 | G20: ='2_손익계산서'!AD59 -> 2041533.7 | H20: ='2_손익계산서'!AE59 -> 5632745.3
A21: 당기순이익(손실) | B21: =B19-B20 -> 6692.081 | C21: =C19-C20 -> 5167.185 | D21: =D19-D20 -> 41411.242 | E21: =E19-E20 -> 1099403.1 | F21: =F19-F20 -> 3288184 | G21: =G19-G20 -> 7338165 | H21: =H19-H20 -> 19552153 | I21: =IFERROR((H21/C21)^(1/5)-1,"n/a") -> 4.1950306
A22: 순이익률 | B22: =IFERROR(B21/B7,0) -> 0.0082564941 | C22: =IFERROR(C21/C7,0) -> 0.0060494126 | D22: =IFERROR(D21/D7,0) -> 0.034474406 | E22: =IFERROR(E21/E7,0) -> 0.10988537 | F22: =IFERROR(F21/F7,0) -> 0.099641941 | G22: =IFERROR(G21/G7,0) -> 0.10483093 | H22: =IFERROR(H21/H7,0) -> 0.12533431
A23: EBITDA | D23: ='2_손익계산서'!O64 -> 39957.679 | E23: ='2_손익계산서'!AB64 -> 1312156.1 | F23: ='2_손익계산서'!AC64 -> 4274049.4 | G23: ='2_손익계산서'!AD64 -> 10353579 | H23: ='2_손익계산서'!AE64 -> 26493292
A24: 인원(기말, 명) | D24: ='2_손익계산서'!O66 -> 7 | E24: ='2_손익계산서'!AB66 -> 22 | F24: ='2_손익계산서'!AC66 -> 85 | G24: ='2_손익계산서'!AD66 -> 130 | H24: ='2_손익계산서'!AE66 -> 260
A25: 인당 매출(백만원, 평균 인원 기준) | D25: ='2_손익계산서'!O67 -> 171.60243 | E25: ='2_손익계산서'!AB67 -> 714.64286 | F25: ='2_손익계산서'!AC67 -> 616.82243 | G25: ='2_손익계산서'!AD67 -> 651.16279 | H25: ='2_손익계산서'!AE67 -> 800
A26: 추정 유료 이용자(명, 평균) | D26: ='2_손익계산서'!O68 -> 934.68621 | E26: ='2_손익계산서'!AB68 -> 7856.9 | F26: ='2_손익계산서'!AC68 -> 24986.21 | G26: ='2_손익계산서'!AD68 -> 50165.52 | H26: ='2_손익계산서'!AE68 -> 105594.41
A27: IR 매출 목표 | D27: ='8_가정'!$C$6 -> 1200000 | E27: ='8_가정'!$D$6 -> 10005000 | F27: ='8_가정'!$E$6 -> 33000000 | G27: ='8_가정'!$F$6 -> 70000000 | H27: ='8_가정'!$G$6 -> 156000000
A28: IR 대비 달성률 | D28: =IFERROR(D7/D27,0) -> 1.0010142 | E28: =IFERROR(E7/E27,0) -> 1 | F28: =IFERROR(F7/F27,0) -> 1 | G28: =IFERROR(G7/G27,0) -> 1 | H28: =IFERROR(H7/H27,0) -> 1
A29: 검증: 당기순이익 − 손익계산서(0이어야 함) | D29: =D21-'2_손익계산서'!O60 -> 0 | E29: =E21-'2_손익계산서'!AB60 -> 0 | F29: =F21-'2_손익계산서'!AC60 -> 0 | G29: =G21-'2_손익계산서'!AD60 -> 0 | H29: =H21-'2_손익계산서'!AE60 -> 0
A30: 검증: 제품·카테고리·지역·채널·근거수준 합계 − 매출액(0이어야 함) | D30: =ABS(D38-D7)+ABS(D43-D7)+ABS(D53-D7)+ABS(D64-D7)+ABS(D70-D7) -> 0 | E30: =ABS(E38-E7)+ABS(E43-E7)+ABS(E53-E7)+ABS(E64-E7)+ABS(E70-E7) -> 0 | F30: =ABS(F38-F7)+ABS(F43-F7)+ABS(F53-F7)+ABS(F64-F7)+ABS(F70-F7) -> 0 | G30: =ABS(G38-G7)+ABS(G43-G7)+ABS(G53-G7)+ABS(G64-G7)+ABS(G70-G7) -> 0 | H30: =ABS(H38-H7)+ABS(H43-H7)+ABS(H53-H7)+ABS(H64-H7)+ABS(H70-H7) -> 0
A31: 제품별 매출
A32: 스마트 기저귀(전용 기저귀·패드, 소모품) | D32: ='5_매출_제품지역'!AA9 -> 739027.42 | E32: ='5_매출_제품지역'!AB9 -> 6988950 | F32: ='5_매출_제품지역'!AC9 -> 22089683 | G32: ='5_매출_제품지역'!AD9 -> 43454751 | H32: ='5_매출_제품지역'!AE9 -> 90093769
A33: 센서·BLE 게이트웨이(하드웨어) | D33: ='5_매출_제품지역'!AA10 -> 246970.51 | E33: ='5_매출_제품지역'!AB10 -> 1386630 | F33: ='5_매출_제품지역'!AC10 -> 4110700.7 | G33: ='5_매출_제품지역'!AD10 -> 8636200.7 | H33: ='5_매출_제품지역'!AE10 -> 18303207
A34: 앱·웹 모니터링 구독(SW·AI) | D34: ='5_매출_제품지역'!AA11 -> 135625.52 | E34: ='5_매출_제품지역'!AB11 -> 1052700 | F34: ='5_매출_제품지역'!AC11 -> 3783068 | G34: ='5_매출_제품지역'!AD11 -> 8107672.8 | H34: ='5_매출_제품지역'!AE11 -> 18316315
A35: 바이탈 모니터링 센서(60GHz, 2026 Q4 출시) | D35: ='5_매출_제품지역'!AA12 -> 0 | E35: ='5_매출_제품지역'!AB12 -> 238240 | F35: ='5_매출_제품지역'!AC12 -> 1792446.1 | G35: ='5_매출_제품지역'!AD12 -> 5949350.2 | H35: ='5_매출_제품지역'!AE12 -> 17723890
A36: 스마트 욕창 케어(2027 출시) | D36: ='5_매출_제품지역'!AA13 -> 0 | E36: ='5_매출_제품지역'!AB13 -> 16240 | F36: ='5_매출_제품지역'!AC13 -> 424931.36 | G36: ='5_매출_제품지역'!AD13 -> 2283801.6 | H36: ='5_매출_제품지역'!AE13 -> 8282271.8
A37: R&D·PoC 용역 | D37: ='5_매출_제품지역'!AA14 -> 79593.55 | E37: ='5_매출_제품지역'!AB14 -> 322240 | F37: ='5_매출_제품지역'!AC14 -> 799170.72 | G37: ='5_매출_제품지역'!AD14 -> 1568223.9 | H37: ='5_매출_제품지역'!AE14 -> 3280547
A38: 합계 | D38: =SUM(D32:D37) -> 1201217 | E38: =SUM(E32:E37) -> 10005000 | F38: =SUM(F32:F37) -> 33000000 | G38: =SUM(G32:G37) -> 70000000 | H38: =SUM(H32:H37) -> 156000000
A40: 카테고리별 매출(베이비 / 엘더리)
A41: 베이비 | D41: ='5_매출_제품지역'!AA18 -> 234543 | E41: ='5_매출_제품지역'!AB18 -> 2471000 | F41: ='5_매출_제품지역'!AC18 -> 4227400 | G41: ='5_매출_제품지역'!AD18 -> 5893680 | H41: ='5_매출_제품지역'!AE18 -> 7479513.6
A42: 엘더리 | D42: ='5_매출_제품지역'!AA19 -> 966674 | E42: ='5_매출_제품지역'!AB19 -> 7534000 | F42: ='5_매출_제품지역'!AC19 -> 28772600 | G42: ='5_매출_제품지역'!AD19 -> 64106320 | H42: ='5_매출_제품지역'!AE19 -> 1.4852049e+08
A43: 합계 | D43: =SUM(D41:D42) -> 1201217 | E43: =SUM(E41:E42) -> 10005000 | F43: =SUM(F41:F42) -> 33000000 | G43: =SUM(G41:G42) -> 70000000 | H43: =SUM(H41:H42) -> 156000000
A45: 지역별 매출
A46: 한국 | D46: ='5_매출_제품지역'!AA24 -> 657067 | E46: ='5_매출_제품지역'!AB24 -> 6433000 | F46: ='5_매출_제품지역'!AC24 -> 11750264 | G46: ='5_매출_제품지역'!AD24 -> 17075924 | H46: ='5_매출_제품지역'!AE24 -> 22028629
A47: 일본 | D47: ='5_매출_제품지역'!AA25 -> 0 | E47: ='5_매출_제품지역'!AB25 -> 480000 | F47: ='5_매출_제품지역'!AC25 -> 9074868 | G47: ='5_매출_제품지역'!AD25 -> 29187988 | H47: ='5_매출_제품지역'!AE25 -> 60535685
A48: 동남아·APAC | D48: ='5_매출_제품지역'!AA26 -> 404488 | E48: ='5_매출_제품지역'!AB26 -> 1792400 | F48: ='5_매출_제품지역'!AC26 -> 3851185.5 | G48: ='5_매출_제품지역'!AD26 -> 7310435.3 | H48: ='5_매출_제품지역'!AE26 -> 15200008
A49: 인도 | D49: ='5_매출_제품지역'!AA27 -> 20000 | E49: ='5_매출_제품지역'!AB27 -> 200000 | F49: ='5_매출_제품지역'!AC27 -> 460000 | G49: ='5_매출_제품지역'!AD27 -> 1260000 | H49: ='5_매출_제품지역'!AE27 -> 2060000
A50: 유럽 | D50: ='5_매출_제품지역'!AA28 -> 119662 | E50: ='5_매출_제품지역'!AB28 -> 839760 | F50: ='5_매출_제품지역'!AC28 -> 1515892.2 | G50: ='5_매출_제품지역'!AD28 -> 6289124.5 | H50: ='5_매출_제품지역'!AE28 -> 13085224
A51: 미국 | D51: ='5_매출_제품지역'!AA29 -> 0 | E51: ='5_매출_제품지역'!AB29 -> 162400 | F51: ='5_매출_제품지역'!AC29 -> 3707790.3 | G51: ='5_매출_제품지역'!AD29 -> 4676528.4 | H51: ='5_매출_제품지역'!AE29 -> 35290454
A52: 글로벌(삼성채널) | D52: ='5_매출_제품지역'!AA30 -> 0 | E52: ='5_매출_제품지역'!AB30 -> 97440 | F52: ='5_매출_제품지역'!AC30 -> 2640000 | G52: ='5_매출_제품지역'!AD30 -> 4200000 | H52: ='5_매출_제품지역'!AE30 -> 7800000
A53: 합계 | D53: =SUM(D46:D52) -> 1201217 | E53: =SUM(E46:E52) -> 10005000 | F53: =SUM(F46:F52) -> 33000000 | G53: =SUM(G46:G52) -> 70000000 | H53: =SUM(H46:H52) -> 156000000
A55: 채널별 매출
A56: 온라인·B2C | D56: ='5_매출_제품지역'!AA35 -> 183451 | E56: ='5_매출_제품지역'!AB35 -> 1056000 | F56: ='5_매출_제품지역'!AC35 -> 1417200 | G56: ='5_매출_제품지역'!AD35 -> 1677180 | H56: ='5_매출_제품지역'!AE35 -> 1870581.6
A57: 국내 B2B | D57: ='5_매출_제품지역'!AA36 -> 14821 | E57: ='5_매출_제품지역'!AB36 -> 340000 | F57: ='5_매출_제품지역'!AC36 -> 428000 | G57: ='5_매출_제품지역'!AD36 -> 489600 | H57: ='5_매출_제품지역'!AE36 -> 533952
A58: 총판 | D58: ='5_매출_제품지역'!AA37 -> 371143 | E58: ='5_매출_제품지역'!AB37 -> 3936200 | F58: ='5_매출_제품지역'!AC37 -> 9971528 | G58: ='5_매출_제품지역'!AD37 -> 17912438 | H58: ='5_매출_제품지역'!AE37 -> 25987755
A59: B2G·제도 | D59: ='5_매출_제품지역'!AA38 -> 15795 | E59: ='5_매출_제품지역'!AB38 -> 420000 | F59: ='5_매출_제품지역'!AC38 -> 1284000 | G59: ='5_매출_제품지역'!AD38 -> 2413200 | H59: ='5_매출_제품지역'!AE38 -> 3675408
A60: 파트너 | D60: ='5_매출_제품지역'!AA39 -> 360000 | E60: ='5_매출_제품지역'!AB39 -> 2737440 | F60: ='5_매출_제품지역'!AC39 -> 6969600 | G60: ='5_매출_제품지역'!AD39 -> 9828480 | H60: ='5_매출_제품지역'!AE39 -> 14554176
A61: 기관(직접) | D61: ='5_매출_제품지역'!AA40 -> 256007 | E61: ='5_매출_제품지역'!AB40 -> 740800 | F61: ='5_매출_제품지역'!AC40 -> 1251136 | G61: ='5_매출_제품지역'!AD40 -> 1767906.4 | H61: ='5_매출_제품지역'!AE40 -> 2269978.9
A62: 신규 파이프라인 | D62: ='5_매출_제품지역'!AA41 -> 0 | E62: ='5_매출_제품지역'!AB41 -> 714560 | F62: ='5_매출_제품지역'!AC41 -> 11618536 | G62: ='5_매출_제품지역'!AD41 -> 35851196 | H62: ='5_매출_제품지역'!AE41 -> 1.0704815e+08
A63: 기타 | D63: ='5_매출_제품지역'!AA42 -> 0 | E63: ='5_매출_제품지역'!AB42 -> 60000 | F63: ='5_매출_제품지역'!AC42 -> 60000 | G63: ='5_매출_제품지역'!AD42 -> 60000 | H63: ='5_매출_제품지역'!AE42 -> 60000
A64: 합계 | D64: =SUM(D56:D63) -> 1201217 | E64: =SUM(E56:E63) -> 10005000 | F64: =SUM(F56:F63) -> 33000000 | G64: =SUM(G56:G63) -> 70000000 | H64: =SUM(H56:H63) -> 156000000
A66: 근거수준별 매출
A67: A 계약·기존 거래 | D67: ='5_매출_제품지역'!AA47 -> 863265 | E67: ='5_매출_제품지역'!AB47 -> 5716800 | F67: ='5_매출_제품지역'!AC47 -> 10033136 | G67: ='5_매출_제품지역'!AD47 -> 14422446 | H67: ='5_매출_제품지역'!AE47 -> 18698951
A68: B 등록·입찰·협의 단계 | D68: ='5_매출_제품지역'!AA48 -> 337952 | E68: ='5_매출_제품지역'!AB48 -> 3476200 | F68: ='5_매출_제품지역'!AC48 -> 8708328 | G68: ='5_매출_제품지역'!AD48 -> 15526358 | H68: ='5_매출_제품지역'!AE48 -> 22452901
A69: C 신규 파이프라인(미확정) | D69: ='5_매출_제품지역'!AA49 -> 0 | E69: ='5_매출_제품지역'!AB49 -> 812000 | F69: ='5_매출_제품지역'!AC49 -> 14258536 | G69: ='5_매출_제품지역'!AD49 -> 40051196 | H69: ='5_매출_제품지역'!AE49 -> 1.1484815e+08
A70: 합계 | D70: =SUM(D67:D69) -> 1201217 | E70: =SUM(E67:E69) -> 10005000 | F70: =SUM(F67:F69) -> 33000000 | G70: =SUM(G67:G69) -> 70000000 | H70: =SUM(H67:H69) -> 156000000
A71: 비중 — A 계약·기존 거래 | D71: =IFERROR(D67/D70,0) -> 0.71865866 | E71: =IFERROR(E67/E70,0) -> 0.5713943 | F71: =IFERROR(F67/F70,0) -> 0.30403442 | G71: =IFERROR(G67/G70,0) -> 0.20603495 | H71: =IFERROR(H67/H70,0) -> 0.11986507
A72: 비중 — B 등록·입찰·협의 단계 | D72: =IFERROR(D68/D70,0) -> 0.28134134 | E72: =IFERROR(E68/E70,0) -> 0.34744628 | F72: =IFERROR(F68/F70,0) -> 0.26388873 | G72: =IFERROR(G68/G70,0) -> 0.22180511 | H72: =IFERROR(H68/H70,0) -> 0.14392885
A73: 비중 — C 신규 파이프라인(미확정) | D73: =IFERROR(D69/D70,0) -> 0 | E73: =IFERROR(E69/E70,0) -> 0.08115942 | F73: =IFERROR(F69/F70,0) -> 0.43207685 | G73: =IFERROR(G69/G70,0) -> 0.57215994 | H73: =IFERROR(H69/H70,0) -> 0.73620608
A75: ※ 천원 미만 단수 처리로 항목 합계와 소계·이익이 ±1천원 차이날 수 있습니다(내부 계산값은 정확히 일치).

Sheet 4_매출_거래처
A1: 4_매출_거래처 — 거래처별 월별(2026~27)·연간(2028~30) 매출
A2: 단위: 천원. A블록=경영계획(S1, 입력) / B블록=선택 시나리오 적용(손익계산서·5번 시트 연동). 파란색 = 입력(2026-01~09 = 실적, 10~12월 = 확정·예상 발주, 2027 = IR 목표 기준 계획).
A3: ="현재 선택: "&'1_요약'!$C$4&" | 입력방식 M=월별 입력 + 2028~30 성장률 · N=월별 입력 + 2028~30 연간 입력 · C=신규 파이프라인(2028~30 = 지역 목표 − 지정 거래처, 8_가정 §2b) · S=삼성 글로벌 채널(IR − 타 행)" -> 현재 선택: S1 경영계획(100%) | 입력방식 M=월별 입력 + 2028~30 성장률 · N=월별 입력 + 2028~30 연간 입력 · C=신규 파이프라인(2028~30 = 지역 목표 − 지정 거래처, 8_가정 §2b) · S=삼성 글로벌 채널(IR − 타 행)
W5: 연도 | X5: 2026 | Y5: 2026 | Z5: 2026 | AA5: 2026 | AB5: 2026 | AC5: 2026 | AD5: 2026 | AE5: 2026 | AF5: 2026 | AG5: 2026 | AH5: 2026 | AI5: 2026 | AJ5: 2027 | AK5: 2027 | AL5: 2027 | AM5: 2027 | AN5: 2027 | AO5: 2027 | AP5: 2027 | AQ5: 2027 | AR5: 2027 | AS5: 2027 | AT5: 2027 | AU5: 2027
W6: 월 인덱스(1=2026-01) | X6: 1 | Y6: 2 | Z6: 3 | AA6: 4 | AB6: 5 | AC6: 6 | AD6: 7 | AE6: 8 | AF6: 9 | AG6: 10 | AH6: 11 | AI6: 12 | AJ6: 13 | AK6: 14 | AL6: 15 | AM6: 16 | AN6: 17 | AO6: 18 | AP6: 19 | AQ6: 20 | AR6: 21 | AS6: 22 | AT6: 23 | AU6: 24 | AV6: 2026 | AW6: 2027 | AX6: 2028 | AY6: 2029 | AZ6: 2030
A7: No | B7: 국가 | C7: 지역 | D7: 거래처 | E7: 카테고리 | F7: 거래형태 | G7: 모델 단계 | H7: 근거수준 | I7: 믹스 | J7: 입력방식 | K7: 2027 매출 | L7: 2028 성장 | M7: 2029 성장 | N7: 2030 성장 | V7: 근거 · 가정 | X7: 2026-01 | Y7: 2026-02 | Z7: 2026-03 | AA7: 2026-04 | AB7: 2026-05 | AC7: 2026-06 | AD7: 2026-07 | AE7: 2026-08 | AF7: 2026-09 | AG7: 2026-10 | AH7: 2026-11 | AI7: 2026-12 | AJ7: 2027-01 | AK7: 2027-02 | AL7: 2027-03 | AM7: 2027-04 | AN7: 2027-05 | AO7: 2027-06 | AP7: 2027-07 | AQ7: 2027-08 | AR7: 2027-09 | AS7: 2027-10 | AT7: 2027-11 | AU7: 2027-12 | AV7: FY2026 | AW7: FY2027 | AX7: 2028E | AY7: 2029E | AZ7: 2030E | BA7: 5개년 합계
A9: A. 경영계획(S1) — 거래처별 매출 입력
A10: 1 | B10: 한국 | C10: 한국 | D10: 네이버(Bebefit/Monit) — 베이비 | E10: 베이비 | F10: 온라인·B2C | G10: 기존 | H10: A 계약·기존 거래 | I10: BABY | J10: M | K10: =AW10 -> 195000 | L10: 0.4 | M10: 0.2 | N10: 0.12 | V10: 거래처 매출표 | X10: 2371 | Y10: 1579 | Z10: 2546 | AA10: 3668 | AB10: 1798 | AC10: 1795 | AD10: 2955 | AE10: 1587 | AF10: 1879 | AG10: 2500 | AH10: 2500 | AI10: 2500 | AJ10: 5000 | AK10: 5000 | AL10: 5000 | AM10: 10000 | AN10: 10000 | AO10: 10000 | AP10: 20000 | AQ10: 20000 | AR10: 20000 | AS10: 30000 | AT10: 30000 | AU10: 30000 | AV10: =SUM(X10:AI10) -> 27678 | AW10: =SUM(AJ10:AU10) -> 195000 | AX10: =$K10*(1+$L10) -> 273000 | AY10: =AX10*(1+$M10) -> 327600 | AZ10: =AY10*(1+$N10) -> 366912 | BA10: =SUM(AV10:AZ10) -> 1190190
A11: 2 | B11: 한국 | C11: 한국 | D11: 네이버(위탁상품) — 베이비 | E11: 베이비 | F11: 온라인·B2C | G11: 기존 | H11: A 계약·기존 거래 | I11: BABY | J11: M | K11: =AW11 -> 120000 | L11: 0.4 | M11: 0.2 | N11: 0.12 | V11: 거래처 매출표 | X11: 437 | Y11: 655 | Z11: 1002 | AA11: 735 | AB11: 721 | AC11: 498 | AD11: 835 | AE11: 473 | AF11: 1046 | AG11: 700 | AH11: 700 | AI11: 700 | AJ11: 10000 | AK11: 10000 | AL11: 10000 | AM11: 10000 | AN11: 10000 | AO11: 10000 | AP11: 10000 | AQ11: 10000 | AR11: 10000 | AS11: 10000 | AT11: 10000 | AU11: 10000 | AV11: =SUM(X11:AI11) -> 8502 | AW11: =SUM(AJ11:AU11) -> 120000 | AX11: =$K11*(1+$L11) -> 168000 | AY11: =AX11*(1+$M11) -> 201600 | AZ11: =AY11*(1+$N11) -> 225792 | BA11: =SUM(AV11:AZ11) -> 723894
A12: 3 | B12: 한국 | C12: 한국 | D12: 쿠팡 — 베이비 | E12: 베이비 | F12: 온라인·B2C | G12: 기존 | H12: A 계약·기존 거래 | I12: BABY | J12: M | K12: =AW12 -> 165000 | L12: 0.4 | M12: 0.2 | N12: 0.12 | V12: 거래처 매출표 | X12: 2678 | Y12: 3941 | Z12: 4603 | AA12: 3442 | AB12: 1575 | AC12: 7345 | AD12: 3789 | AE12: 3603 | AF12: 2983 | AG12: 3000 | AH12: 3000 | AI12: 3000 | AJ12: 5000 | AK12: 5000 | AL12: 5000 | AM12: 10000 | AN12: 10000 | AO12: 10000 | AP12: 20000 | AQ12: 20000 | AR12: 20000 | AS12: 20000 | AT12: 20000 | AU12: 20000 | AV12: =SUM(X12:AI12) -> 42959 | AW12: =SUM(AJ12:AU12) -> 165000 | AX12: =$K12*(1+$L12) -> 231000 | AY12: =AX12*(1+$M12) -> 277200 | AZ12: =AY12*(1+$N12) -> 310464 | BA12: =SUM(AV12:AZ12) -> 1026623
A13: 4 | B13: 한국 | C13: 한국 | D13: 기타 B2C — 베이비 | E13: 베이비 | F13: 온라인·B2C | G13: 기존 | H13: A 계약·기존 거래 | I13: BABY | J13: M | K13: =AW13 -> 171000 | L13: 0.4 | M13: 0.2 | N13: 0.12 | V13: 거래처 매출표 | X13: 2252 | Y13: 3394 | Z13: 2263 | AA13: 2605 | AB13: 2220 | AC13: 1490 | AD13: 4052 | AE13: 1576 | AF13: 1220 | AG13: 2500 | AH13: 2500 | AI13: 2500 | AJ13: 5000 | AK13: 5000 | AL13: 5000 | AM13: 10000 | AN13: 10000 | AO13: 10000 | AP13: 18000 | AQ13: 18000 | AR13: 18000 | AS13: 24000 | AT13: 24000 | AU13: 24000 | AV13: =SUM(X13:AI13) -> 28572 | AW13: =SUM(AJ13:AU13) -> 171000 | AX13: =$K13*(1+$L13) -> 239400 | AY13: =AX13*(1+$M13) -> 287280 | AZ13: =AY13*(1+$N13) -> 321753.6 | BA13: =SUM(AV13:AZ13) -> 1048005.6
A14: 5 | B14: 한국 | C14: 한국 | D14: B2B(국내) — 베이비 | E14: 베이비 | F14: 국내 B2B | G14: 기존 | H14: A 계약·기존 거래 | I14: BABY | J14: M | K14: =AW14 -> 220000 | L14: 0.4 | M14: 0.2 | N14: 0.12 | V14: 거래처 매출표 | X14: 0 | Y14: 0 | Z14: 0 | AA14: 0 | AB14: 0 | AC14: 0 | AD14: 0 | AE14: 0 | AF14: 0 | AG14: 0 | AH14: 0 | AI14: 10000 | AJ14: 10517 | AK14: 11531 | AL14: 12641 | AM14: 13859 | AN14: 15194 | AO14: 16657 | AP14: 18262 | AQ14: 20021 | AR14: 21949 | AS14: 24064 | AT14: 26382 | AU14: 28923 | AV14: =SUM(X14:AI14) -> 10000 | AW14: =SUM(AJ14:AU14) -> 220000 | AX14: =$K14*(1+$L14) -> 308000 | AY14: =AX14*(1+$M14) -> 369600 | AZ14: =AY14*(1+$N14) -> 413952 | BA14: =SUM(AV14:AZ14) -> 1321552
A15: 6 | B15: 한국 | C15: 한국 | D15: APP KOREA — 유아(스마트 베이비 기저귀) | E15: 베이비 | F15: 파트너 | G15: 계약 | H15: A 계약·기존 거래 | I15: BABY | J15: M | K15: =AW15 -> 1200000 | L15: 0.64 | M15: 0.3 | N15: 0.2 | V15: 거래처 매출표 · IR p.12 APP 베이비 협업 | X15: 0 | Y15: 0 | Z15: 0 | AA15: 0 | AB15: 0 | AC15: 0 | AD15: 0 | AE15: 0 | AF15: 0 | AG15: 0 | AH15: 0 | AI15: 0 | AJ15: 100000 | AK15: 100000 | AL15: 100000 | AM15: 100000 | AN15: 100000 | AO15: 100000 | AP15: 100000 | AQ15: 100000 | AR15: 100000 | AS15: 100000 | AT15: 100000 | AU15: 100000 | AV15: =SUM(X15:AI15) -> 0 | AW15: =SUM(AJ15:AU15) -> 1200000 | AX15: =$K15*(1+$L15) -> 1968000 | AY15: =AX15*(1+$M15) -> 2558400 | AZ15: =AY15*(1+$N15) -> 3070080 | BA15: =SUM(AV15:AZ15) -> 8796480
A16: 7 | B16: 대만 | C16: 동남아·APAC | D16: Little Loft(대만, 베이비) | E16: 베이비 | F16: 총판 | G16: 계약 | H16: A 계약·기존 거래 | I16: BABY | J16: M | K16: =AW16 -> 100000 | L16: 1.6 | M16: 0.8 | N16: 0.48 | V16: 거래처 매출표 | X16: 0 | Y16: 0 | Z16: 0 | AA16: 0 | AB16: 15004 | AC16: 15946 | AD16: 0 | AE16: 0 | AF16: 0 | AG16: 0 | AH16: 20000 | AI16: 0 | AJ16: 4781 | AK16: 5241 | AL16: 5746 | AM16: 6299 | AN16: 6906 | AO16: 7572 | AP16: 8301 | AQ16: 9100 | AR16: 9977 | AS16: 10938 | AT16: 11992 | AU16: 13147 | AV16: =SUM(X16:AI16) -> 50950 | AW16: =SUM(AJ16:AU16) -> 100000 | AX16: =$K16*(1+$L16) -> 260000 | AY16: =AX16*(1+$M16) -> 468000 | AZ16: =AY16*(1+$N16) -> 692640 | BA16: =SUM(AV16:AZ16) -> 1571590
A17: 8 | B17: 태국 | C17: 동남아·APAC | D17: Punnita House(태국, 베이비) | E17: 베이비 | F17: 총판 | G17: 계약 | H17: A 계약·기존 거래 | I17: BABY | J17: M | K17: =AW17 -> 120000 | L17: 1.6 | M17: 0.8 | N17: 0.48 | V17: 거래처 매출표 · USD 30,000 발주: 2026-12 선금 50%(2,000만원) + 잔금 50%(2,000만원)는 2027-01에 반영(잔금 수령월은 가정) | X17: 0 | Y17: 0 | Z17: 22595 | AA17: 0 | AB17: 0 | AC17: 23287 | AD17: 0 | AE17: 0 | AF17: 0 | AG17: 0 | AH17: 0 | AI17: 20000 | AJ17: 20000 | AK17: 0 | AL17: 6386 | AM17: 7001 | AN17: 7676 | AO17: 8415 | AP17: 9225 | AQ17: 10114 | AR17: 11088 | AS17: 12156 | AT17: 13327 | AU17: 14612 | AV17: =SUM(X17:AI17) -> 65882 | AW17: =SUM(AJ17:AU17) -> 120000 | AX17: =$K17*(1+$L17) -> 312000 | AY17: =AX17*(1+$M17) -> 561600 | AZ17: =AY17*(1+$N17) -> 831168 | BA17: =SUM(AV17:AZ17) -> 1890650
A18: 9 | B18: 미정 | C18: 동남아·APAC | D18: 신규 거래선-1 Swara Baby(베이비) | E18: 베이비 | F18: 총판 | G18: 진행 중 | H18: B 등록·입찰·협의 단계 | I18: BABY | J18: M | K18: =AW18 -> 100000 | L18: 1.6 | M18: 0.8 | N18: 0.48 | V18: 거래처 매출표 · 2027 신규 | X18: 0 | Y18: 0 | Z18: 0 | AA18: 0 | AB18: 0 | AC18: 0 | AD18: 0 | AE18: 0 | AF18: 0 | AG18: 0 | AH18: 0 | AI18: 0 | AJ18: 4781 | AK18: 5241 | AL18: 5746 | AM18: 6299 | AN18: 6906 | AO18: 7572 | AP18: 8301 | AQ18: 9100 | AR18: 9977 | AS18: 10938 | AT18: 11992 | AU18: 13147 | AV18: =SUM(X18:AI18) -> 0 | AW18: =SUM(AJ18:AU18) -> 100000 | AX18: =$K18*(1+$L18) -> 260000 | AY18: =AX18*(1+$M18) -> 468000 | AZ18: =AY18*(1+$N18) -> 692640 | BA18: =SUM(AV18:AZ18) -> 1520640
A19: 10 | B19: 미정 | C19: 동남아·APAC | D19: 신규 거래선-2(베이비) | E19: 베이비 | F19: 총판 | G19: 진행 중 | H19: B 등록·입찰·협의 단계 | I19: BABY | J19: M | K19: =AW19 -> 80000 | L19: 1.6 | M19: 0.8 | N19: 0.48 | V19: 거래처 매출표 · 2027 신규 | X19: 0 | Y19: 0 | Z19: 0 | AA19: 0 | AB19: 0 | AC19: 0 | AD19: 0 | AE19: 0 | AF19: 0 | AG19: 0 | AH19: 0 | AI19: 0 | AJ19: 0 | AK19: 4403 | AL19: 4828 | AM19: 5293 | AN19: 5802 | AO19: 6361 | AP19: 6974 | AQ19: 7646 | AR19: 8382 | AS19: 9190 | AT19: 10075 | AU19: 11046 | AV19: =SUM(X19:AI19) -> 0 | AW19: =SUM(AJ19:AU19) -> 80000 | AX19: =$K19*(1+$L19) -> 208000 | AY19: =AX19*(1+$M19) -> 374400 | AZ19: =AY19*(1+$N19) -> 554112 | BA19: =SUM(AV19:AZ19) -> 1216512
A20: 11 | B20: 한국 | C20: 한국 | D20: 삼성노블카운티 | E20: 엘더리 | F20: 기관(직접) | G20: 계약 | H20: A 계약·기존 거래 | I20: SUB | J20: M | K20: =AW20 -> 94800 | L20: 0.32 | M20: 0.15 | N20: 0.08 | V20: 거래처 매출표 · 요양시설 레퍼런스(IR p.10) | X20: 0 | Y20: 0 | Z20: 0 | AA20: 0 | AB20: 0 | AC20: 0 | AD20: 0 | AE20: 0 | AF20: 0 | AG20: 0 | AH20: 7900 | AI20: 7900 | AJ20: 7900 | AK20: 7900 | AL20: 7900 | AM20: 7900 | AN20: 7900 | AO20: 7900 | AP20: 7900 | AQ20: 7900 | AR20: 7900 | AS20: 7900 | AT20: 7900 | AU20: 7900 | AV20: =SUM(X20:AI20) -> 15800 | AW20: =SUM(AJ20:AU20) -> 94800 | AX20: =$K20*(1+$L20) -> 125136 | AY20: =AX20*(1+$M20) -> 143906.4 | AZ20: =AY20*(1+$N20) -> 155418.91 | BA20: =SUM(AV20:AZ20) -> 535061.31
A21: 12 | B21: 한국 | C21: 한국 | D21: 국내 요양병원·시설 구독 매출 | E21: 엘더리 | F21: 총판 | G21: 진행 중 | H21: B 등록·입찰·협의 단계 | I21: SUB | J21: M | K21: =AW21 -> 1986200 | L21: 1.44 | M21: 0.7 | N21: 0.4 | V21: 거래처 매출표 · IR p.10 요양시설 기저귀 유통사 경유 | X21: 0 | Y21: 0 | Z21: 0 | AA21: 0 | AB21: 0 | AC21: 0 | AD21: 0 | AE21: 0 | AF21: 0 | AG21: 0 | AH21: 22120 | AI21: 41080 | AJ21: 104676 | AK21: 115144 | AL21: 125612 | AM21: 136079 | AN21: 146547 | AO21: 167482 | AP21: 177950 | AQ21: 177950 | AR21: 188417 | AS21: 204980 | AT21: 215448 | AU21: 225915 | AV21: =SUM(X21:AI21) -> 63200 | AW21: =SUM(AJ21:AU21) -> 1986200 | AX21: =$K21*(1+$L21) -> 4846328 | AY21: =AX21*(1+$M21) -> 8238757.6 | AZ21: =AY21*(1+$N21) -> 11534261 | BA21: =SUM(AV21:AZ21) -> 26668746
... A30: 21 | B30: 인도 | C30: 인도 | D30: 케랄라 주정부(인도) | E30: 엘더리 | F30: 기타 | G30: 기존 | H30: A 계약·기존 거래 | I30: DIST | J30: M | K30: =AW30 -> 60000 | L30: 0 | M30: 0 | N30: 0 | V30: 거래처 매출표 | X30: 0 | Y30: 0 | Z30: 0 | AA30: 0 | AB30: 0 | AC30: 0 | AD30: 0 | AE30: 0 | AF30: 0 | AG30: 0 | AH30: 0 | AI30: 0 | AJ30: 0 | AK30: 0 | AL30: 0 | AM30: 0 | AN30: 0 | AO30: 0 | AP30: 0 | AQ30: 9900 | AR30: 10854 | AS30: 11899 | AT30: 13045 | AU30: 14302 | AV30: =SUM(X30:AI30) -> 0 | AW30: =SUM(AJ30:AU30) -> 60000 | AX30: =$K30*(1+$L30) -> 60000 | AY30: =AX30*(1+$M30) -> 60000 | AZ30: =AY30*(1+$N30) -> 60000 | BA30: =SUM(AV30:AZ30) -> 240000
A31: 22 | B31: 인도 | C31: 인도 | D31: 인도 뉴델리 디스트리뷰터 | E31: 엘더리 | F31: 총판 | G31: 진행 중 | H31: B 등록·입찰·협의 단계 | I31: DIST | J31: N | K31: =AW31 -> 60000 | V31: 거래처 매출표 · 인도 신규 디스트리뷰터(2026-12 초도, 2027 연간 발주), 2028~30 연간 입력값 | X31: 0 | Y31: 0 | Z31: 0 | AA31: 0 | AB31: 0 | AC31: 0 | AD31: 0 | AE31: 0 | AF31: 0 | AG31: 0 | AH31: 0 | AI31: 20000 | AJ31: 0 | AK31: 0 | AL31: 3832 | AM31: 4201 | AN31: 4605 | AO31: 5049 | AP31: 5535 | AQ31: 6068 | AR31: 6653 | AS31: 7294 | AT31: 7996 | AU31: 8767 | AV31: =SUM(X31:AI31) -> 20000 | AW31: =SUM(AJ31:AU31) -> 60000 | AX31: 200000 | AY31: 600000 | AZ31: 1000000 | BA31: =SUM(AV31:AZ31) -> 1880000
A32: 23 | B32: 인도 | C32: 인도 | D32: 인도 뭄바이 디스트리뷰터 | E32: 엘더리 | F32: 총판 | G32: 진행 중 | H32: B 등록·입찰·협의 단계 | I32: DIST | J32: N | K32: =AW32 -> 80000 | V32: 거래처 매출표 · 인도 신규 디스트리뷰터(2027 연간 발주), 2028~30 연간 입력값 | X32: 0 | Y32: 0 | Z32: 0 | AA32: 0 | AB32: 0 | AC32: 0 | AD32: 0 | AE32: 0 | AF32: 0 | AG32: 0 | AH32: 0 | AI32: 0 | AJ32: 3825 | AK32: 4193 | AL32: 4597 | AM32: 5040 | AN32: 5525 | AO32: 6057 | AP32: 6641 | AQ32: 7280 | AR32: 7982 | AS32: 8750 | AT32: 9593 | AU32: 10517 | AV32: =SUM(X32:AI32) -> 0 | AW32: =SUM(AJ32:AU32) -> 80000 | AX32: 200000 | AY32: 600000 | AZ32: 1000000 | BA32: =SUM(AV32:AZ32) -> 1880000
A33: 24 | B33: 네덜란드 | C33: 유럽 | D33: GISI Distribution(네덜란드·룩셈부르크·독일·폴란드) | E33: 엘더리 | F33: 총판 | G33: 계약 | H33: A 계약·기존 거래 | I33: DIST | J33: M | K33: =AW33 -> 150000 | L33: 1.6 | M33: 0.8 | N33: 0.48 | V33: 거래처 매출표 · 2026-09 €24,000(매출표 환산 31,303천원) 포함 · IR p.23 · IR p.25 표기 GIV | X33: 0 | Y33: 0 | Z33: 6359 | AA33: 0 | AB33: 0 | AC33: 0 | AD33: 0 | AE33: 0 | AF33: 31303 | AG33: 16000 | AH33: 0 | AI33: 16000 | AJ33: 7171 | AK33: 7862 | AL33: 8619 | AM33: 9449 | AN33: 10359 | AO33: 11357 | AP33: 12451 | AQ33: 13651 | AR33: 14966 | AS33: 16407 | AT33: 17988 | AU33: 19720 | AV33: =SUM(X33:AI33) -> 69662 | AW33: =SUM(AJ33:AU33) -> 150000 | AX33: =$K33*(1+$L33) -> 390000 | AY33: =AX33*(1+$M33) -> 702000 | AZ33: =AY33*(1+$N33) -> 1038960 | BA33: =SUM(AV33:AZ33) -> 2350622
A34: 25 | B34: 폴란드 | C34: 유럽 | D34: NEUCA(폴란드 총판) | E34: 엘더리 | F34: 총판 | G34: 접촉 | H34: B 등록·입찰·협의 단계 | I34: DIST | J34: M | K34: =AW34 -> 150000 | L34: 1.6 | M34: 0.8 | N34: 0.48 | V34: 거래처 매출표 · 폴란드 총판 | X34: 0 | Y34: 0 | Z34: 0 | AA34: 0 | AB34: 0 | AC34: 0 | AD34: 0 | AE34: 0 | AF34: 0 | AG34: 0 | AH34: 0 | AI34: 0 | AJ34: 0 | AK34: 8256 | AL34: 9052 | AM34: 9924 | AN34: 10880 | AO34: 11928 | AP34: 13076 | AQ34: 14336 | AR34: 15717 | AS34: 17231 | AT34: 18891 | AU34: 20709 | AV34: =SUM(X34:AI34) -> 0 | AW34: =SUM(AJ34:AU34) -> 150000 | AX34: =$K34*(1+$L34) -> 390000 | AY34: =AX34*(1+$M34) -> 702000 | AZ34: =AY34*(1+$N34) -> 1038960 | BA34: =SUM(AV34:AZ34) -> 2280960
A35: 26 | B35: 독일 | C35: 유럽 | D35: Armedion(독일 총판) | E35: 엘더리 | F35: 총판 | G35: 진행 중 | H35: B 등록·입찰·협의 단계 | I35: DIST | J35: M | K35: =AW35 -> 150000 | L35: 1.6 | M35: 0.8 | N35: 0.48 | V35: 거래처 매출표 | X35: 0 | Y35: 0 | Z35: 0 | AA35: 0 | AB35: 0 | AC35: 0 | AD35: 0 | AE35: 0 | AF35: 0 | AG35: 0 | AH35: 0 | AI35: 50000 | AJ35: 0 | AK35: 0 | AL35: 0 | AM35: 0 | AN35: 13293 | AO35: 14573 | AP35: 15977 | AQ35: 17516 | AR35: 19203 | AS35: 21053 | AT35: 23081 | AU35: 25304 | AV35: =SUM(X35:AI35) -> 50000 | AW35: =SUM(AJ35:AU35) -> 150000 | AX35: =$K35*(1+$L35) -> 390000 | AY35: =AX35*(1+$M35) -> 702000 | AZ35: =AY35*(1+$N35) -> 1038960 | BA35: =SUM(AV35:AZ35) -> 2330960
A36: 27 | B36: 싱가포르 | C36: 동남아·APAC | D36: INTEGA(싱가포르·말레이시아·태국) | E36: 엘더리 | F36: 총판 | G36: 계약 | H36: A 계약·기존 거래 | I36: DIST | J36: M | K36: =AW36 -> 300000 | L36: 1.28 | M36: 0.6 | N36: 0.4 | V36: 거래처 매출표 · IR p.23 | X36: 12879 | Y36: 0 | Z36: 13042 | AA36: 0 | AB36: 0 | AC36: 0 | AD36: 0 | AE36: 0 | AF36: 0 | AG36: 0 | AH36: 23625 | AI36: 0 | AJ36: 0 | AK36: 16513 | AL36: 18103 | AM36: 19847 | AN36: 21759 | AO36: 23855 | AP36: 26153 | AQ36: 28672 | AR36: 31434 | AS36: 34462 | AT36: 37781 | AU36: 41421 | AV36: =SUM(X36:AI36) -> 49546 | AW36: =SUM(AJ36:AU36) -> 300000 | AX36: =$K36*(1+$L36) -> 684000 | AY36: =AX36*(1+$M36) -> 1094400 | AZ36: =AY36*(1+$N36) -> 1532160 | BA36: =SUM(AV36:AZ36) -> 3660106
A37: 28 | B37: 말레이시아 | C37: 동남아·APAC | D37: Sunway Sanctuary(말레이시아) | E37: 엘더리 | F37: 기관(직접) | G37: PoC / R&D | H37: B 등록·입찰·협의 단계 | I37: RND | J37: M | K37: =AW37 -> 50000 | L37: 3.2 | M37: 1 | N37: 0.4 | V37: 거래처 매출표 · IR p.31 PoC/R&D → 상용 전환 가정 | X37: 0 | Y37: 0 | Z37: 0 | AA37: 0 | AB37: 0 | AC37: 0 | AD37: 0 | AE37: 0 | AF37: 0 | AG37: 0 | AH37: 0 | AI37: 0 | AJ37: 0 | AK37: 0 | AL37: 0 | AM37: 3739 | AN37: 4100 | AO37: 4494 | AP37: 4927 | AQ37: 5402 | AR37: 5922 | AS37: 6493 | AT37: 7118 | AU37: 7805 | AV37: =SUM(X37:AI37) -> 0 | AW37: =SUM(AJ37:AU37) -> 50000 | AX37: =$K37*(1+$L37) -> 210000 | AY37: =AX37*(1+$M37) -> 420000 | AZ37: =AY37*(1+$N37) -> 588000 | BA37: =SUM(AV37:AZ37) -> 1268000
A38: 29 | B38: 싱가포르 | C38: 동남아·APAC | D38: NHG(KTPH·TTSH·Woodlands) 스마트 병동 | E38: 엘더리 | F38: 기관(직접) | G38: 단독입찰 제안(LOA 대기) | H38: B 등록·입찰·협의 단계 | I38: HWPROJ | J38: M | K38: =AW38 -> 400000 | L38: 0.8 | M38: 0.4 | N38: 0.32 | V38: 거래처 매출표 · 2026-12 KTPH SGD 180,000, 2027 NHG 4억 · 단독입찰 제안(LOA 대기) | X38: 0 | Y38: 0 | Z38: 0 | AA38: 0 | AB38: 0 | AC38: 0 | AD38: 0 | AE38: 0 | AF38: 0 | AG38: 0 | AH38: 0 | AI38: 188957 | AJ38: 30000 | AK38: 30000 | AL38: 30000 | AM38: 30000 | AN38: 30000 | AO38: 30000 | AP38: 30000 | AQ38: 30000 | AR38: 30000 | AS38: 30000 | AT38: 50000 | AU38: 50000 | AV38: =SUM(X38:AI38) -> 188957 | AW38: =SUM(AJ38:AU38) -> 400000 | AX38: =$K38*(1+$L38) -> 720000 | AY38: =AX38*(1+$M38) -> 1008000 | AZ38: =AY38*(1+$N38) -> 1330560 | BA38: =SUM(AV38:AZ38) -> 3647517
A39: 30 | B39: 싱가포르 | C39: 동남아·APAC | D39: IMH 스마트 욕창 케어 R&D | E39: 엘더리 | F39: 기관(직접) | G39: 계약 | H39: A 계약·기존 거래 | I39: RND | J39: M | K39: =AW39 -> 180000 | L39: 0 | M39: 0 | N39: 0 | V39: 거래처 매출표 · SGD 45,000을 2026-10·11월 50%씩 분할(각 23,625천원) · IR p.20 | X39: 0 | Y39: 0 | Z39: 0 | AA39: 0 | AB39: 0 | AC39: 0 | AD39: 0 | AE39: 0 | AF39: 0 | AG39: 23625 | AH39: 23625 | AI39: 0 | AJ39: 0 | AK39: 0 | AL39: 11495 | AM39: 12602 | AN39: 13816 | AO39: 15147 | AP39: 16606 | AQ39: 18205 | AR39: 19959 | AS39: 21881 | AT39: 23989 | AU39: 26300 | AV39: =SUM(X39:AI39) -> 47250 | AW39: =SUM(AJ39:AU39) -> 180000 | AX39: =$K39*(1+$L39) -> 180000 | AY39: =AX39*(1+$M39) -> 180000 | AZ39: =AY39*(1+$N39) -> 180000 | BA39: =SUM(AV39:AZ39) -> 767250
A40: 31 | B40: 호주 | C40: 동남아·APAC | D40: Healthbeats(호주·뉴질랜드) | E40: 엘더리 | F40: 총판 | G40: 계약 | H40: A 계약·기존 거래 | I40: DIST | J40: M | K40: =AW40 -> 300000 | L40: 1.6 | M40: 0.8 | N40: 0.48 | V40: 거래처 매출표 · IR p.23 | X40: 0 | Y40: 0 | Z40: 0 | AA40: 0 | AB40: 0 | AC40: 0 | AD40: 0 | AE40: 0 | AF40: 1903 | AG40: 0 | AH40: 0 | AI40: 0 | AJ40: 0 | AK40: 0 | AL40: 0 | AM40: 22436 | AN40: 24597 | AO40: 26967 | AP40: 29564 | AQ40: 32412 | AR40: 35534 | AS40: 38957 | AT40: 42709 | AU40: 46824 | AV40: =SUM(X40:AI40) -> 1903 | AW40: =SUM(AJ40:AU40) -> 300000 | AX40: =$K40*(1+$L40) -> 780000 | AY40: =AX40*(1+$M40) -> 1404000 | AZ40: =AY40*(1+$N40) -> 2077920 | BA40: =SUM(AV40:AZ40) -> 4563823
A41: 32 | B41: 일본 | C41: 일본 | D41: 일본 신규 시설·재가 채널(하트키움·TAIS 외 직접 도입) | E41: 엘더리 | F41: 신규 파이프라인 | G41: 신규 | H41: C 신규 파이프라인(미확정) | I41: COH | J41: C | K41: =AW41 -> 0 | V41: 오사카 외 간사이·수도권 시설 확대, 介護テクノロジー導入支援 연계(가정) · 2028~30 = 지역 목표(IR p.24 차트 비중, 8_가정 §2b) − 같은 지역 지정 거래처 | X41: 0 | Y41: 0 | Z41: 0 | AA41: 0 | AB41: 0 | AC41: 0 | AD41: 0 | AE41: 0 | AF41: 0 | AG41: 0 | AH41: 0 | AI41: 0 | AJ41: 0 | AK41: 0 | AL41: 0 | AM41: 0 | AN41: 0 | AO41: 0 | AP41: 0 | AQ41: 0 | AR41: 0 | AS41: 0 | AT41: 0 | AU41: 0 | AV41: =SUM(X41:AI41) -> 0 | AW41: =SUM(AJ41:AU41) -> 0 | AX41: =('8_가정'!$E$6*(1-'8_가정'!$E$33)-SUMIF($C$10:$C$40,"한국",AX$10:AX$40)-SUMIF($C$10:$C$40,"인도",AX$10:AX$40))*'8_가정'!$E$28/('8_가정'!$E$28+'8_가정'!$E$29+'8_가정'!$E$30+'8_가정'!$E$31)-SUMIF($C$10:$C$40,$C41,AX$10:AX$40) -> 7327668 | AY41: =('8_가정'!$F$6*(1-'8_가정'!$F$33)-SUMIF($C$10:$C$40,"한국",AY$10:AY$40)-SUMIF($C$10:$C$40,"인도",AY$10:AY$40))*'8_가정'!$F$28/('8_가정'!$F$28+'8_가정'!$F$29+'8_가정'!$F$30+'8_가정'!$F$31)-SUMIF($C$10:$C$40,$C41,AY$10:AY$40) -> 25659508 | AZ41: =('8_가정'!$G$6*(1-'8_가정'!$G$33)-SUMIF($C$10:$C$40,"한국",AZ$10:AZ$40)-SUMIF($C$10:$C$40,"인도",AZ$10:AZ$40))*'8_가정'!$G$28/('8_가정'!$G$28+'8_가정'!$G$29+'8_가정'!$G$30+'8_가정'!$G$31)-SUMIF($C$10:$C$40,$C41,AZ$10:AZ$40) -> 55068542 | BA41: =SUM(AV41:AZ41) -> 88055718
A42: 33 | B42: 싱가포르·말레이시아 외 | C42: 동남아·APAC | D42: 동남아 병원·요양그룹 확대(IHH·NTUC·SingHealth·Econ·ACG 전환) | E42: 엘더리 | F42: 신규 파이프라인 | G42: 신규 | H42: C 신규 파이프라인(미확정) | I42: COH | J42: C | K42: =AW42 -> 162400 | V42: IR p.19·25·29~32: PoC·구매절차 준비 중인 대형 그룹의 상용 전환(가정) · 2028~30 = 지역 목표(IR p.24 차트 비중, 8_가정 §2b) − 같은 지역 지정 거래처 | X42: 0 | Y42: 0 | Z42: 0 | AA42: 0 | AB42: 0 | AC42: 0 | AD42: 0 | AE42: 0 | AF42: 0 | AG42: 0 | AH42: 0 | AI42: 0 | AJ42: 0 | AK42: 0 | AL42: 16240 | AM42: 16240 | AN42: 16240 | AO42: 16240 | AP42: 16240 | AQ42: 16240 | AR42: 16240 | AS42: 16240 | AT42: 16240 | AU42: 16240 | AV42: =SUM(X42:AI42) -> 0 | AW42: =SUM(AJ42:AU42) -> 162400 | AX42: =('8_가정'!$E$6*(1-'8_가정'!$E$33)-SUMIF($C$10:$C$40,"한국",AX$10:AX$40)-SUMIF($C$10:$C$40,"인도",AX$10:AX$40))*'8_가정'!$E$30/('8_가정'!$E$28+'8_가정'!$E$29+'8_가정'!$E$30+'8_가정'!$E$31)-SUMIF($C$10:$C$40,$C42,AX$10:AX$40) -> 237185.52 | AY42: =('8_가정'!$F$6*(1-'8_가정'!$F$33)-SUMIF($C$10:$C$40,"한국",AY$10:AY$40)-SUMIF($C$10:$C$40,"인도",AY$10:AY$40))*'8_가정'!$F$30/('8_가정'!$F$28+'8_가정'!$F$29+'8_가정'!$F$30+'8_가정'!$F$31)-SUMIF($C$10:$C$40,$C42,AY$10:AY$40) -> 1332035.3 | AZ42: =('8_가정'!$G$6*(1-'8_가정'!$G$33)-SUMIF($C$10:$C$40,"한국",AZ$10:AZ$40)-SUMIF($C$10:$C$40,"인도",AZ$10:AZ$40))*'8_가정'!$G$30/('8_가정'!$G$28+'8_가정'!$G$29+'8_가정'!$G$30+'8_가정'!$G$31)-SUMIF($C$10:$C$40,$C42,AZ$10:AZ$40) -> 6720808.1 | BA42: =SUM(AV42:AZ42) -> 8452428.9
A43: 34 | B43: 유럽 | C43: 유럽 | D43: 유럽 총판 확대(NL·DE·PL·PT·북유럽) | E43: 엘더리 | F43: 신규 파이프라인 | G43: 신규 | H43: C 신규 파이프라인(미확정) | I43: COH | J43: C | K43: =AW43 -> 389760 | V43: IR p.24 로드맵 2027 EU PoC → 2028~ 유럽 확대(가정). 2028~30 = 유럽 지역 목표(8_가정 §2b) − 지정 유럽 총판(GISI·NEUCA·Armedion). 2028은 지정 총판 성장분이 커서 본 행은 일시 감소 | X43: 0 | Y43: 0 | Z43: 0 | AA43: 0 | AB43: 0 | AC43: 0 | AD43: 0 | AE43: 0 | AF43: 0 | AG43: 0 | AH43: 0 | AI43: 0 | AJ43: 16240 | AK43: 16240 | AL43: 16240 | AM43: 16240 | AN43: 32480 | AO43: 32480 | AP43: 32480 | AQ43: 32480 | AR43: 48720 | AS43: 48720 | AT43: 48720 | AU43: 48720 | AV43: =SUM(X43:AI43) -> 0 | AW43: =SUM(AJ43:AU43) -> 389760 | AX43: =('8_가정'!$E$6*(1-'8_가정'!$E$33)-SUMIF($C$10:$C$40,"한국",AX$10:AX$40)-SUMIF($C$10:$C$40,"인도",AX$10:AX$40))*'8_가정'!$E$31/('8_가정'!$E$28+'8_가정'!$E$29+'8_가정'!$E$30+'8_가정'!$E$31)-SUMIF($C$10:$C$40,$C43,AX$10:AX$40) -> 345892.17 | AY43: =('8_가정'!$F$6*(1-'8_가정'!$F$33)-SUMIF($C$10:$C$40,"한국",AY$10:AY$40)-SUMIF($C$10:$C$40,"인도",AY$10:AY$40))*'8_가정'!$F$31/('8_가정'!$F$28+'8_가정'!$F$29+'8_가정'!$F$30+'8_가정'!$F$31)-SUMIF($C$10:$C$40,$C43,AY$10:AY$40) -> 4183124.5 | AZ43: =('8_가정'!$G$6*(1-'8_가정'!$G$33)-SUMIF($C$10:$C$40,"한국",AZ$10:AZ$40)-SUMIF($C$10:$C$40,"인도",AZ$10:AZ$40))*'8_가정'!$G$31/('8_가정'!$G$28+'8_가정'!$G$29+'8_가정'!$G$30+'8_가정'!$G$31)-SUMIF($C$10:$C$40,$C43,AZ$10:AZ$40) -> 9968344.4 | BA43: =SUM(AV43:AZ43) -> 14887121
A44: 35 | B44: 미국 | C44: 미국 | D44: 미국 의료유통 채널(Shelter Device PoC → 2029 유통 진입) | E44: 엘더리 | F44: 신규 파이프라인 | G44: 신규 | H44: C 신규 파이프라인(미확정) | I44: COH | J44: C | K44: =AW44 -> 162400 | V44: IR p.24 로드맵: 2029 미국 의료 유통 채널 본격 진입. 2027은 Shelter Device PoC·초기 공급 가정(2027-03 개시, 미확정). 2028~30은 IR p.24 차트 미국 비중에 따른 지역 목표 배분값(8_가정 §2b, 개별 계약 근거 없음). FDA 등 인허가 일정은 별도 확인 필요 | X44: 0 | Y44: 0 | Z44: 0 | AA44: 0 | AB44: 0 | AC44: 0 | AD44: 0 | AE44: 0 | AF44: 0 | AG44: 0 | AH44: 0 | AI44: 0 | AJ44: 0 | AK44: 0 | AL44: 16240 | AM44: 16240 | AN44: 16240 | AO44: 16240 | AP44: 16240 | AQ44: 16240 | AR44: 16240 | AS44: 16240 | AT44: 16240 | AU44: 16240 | AV44: =SUM(X44:AI44) -> 0 | AW44: =SUM(AJ44:AU44) -> 162400 | AX44: =('8_가정'!$E$6*(1-'8_가정'!$E$33)-SUMIF($C$10:$C$40,"한국",AX$10:AX$40)-SUMIF($C$10:$C$40,"인도",AX$10:AX$40))*'8_가정'!$E$29/('8_가정'!$E$28+'8_가정'!$E$29+'8_가정'!$E$30+'8_가정'!$E$31)-SUMIF($C$10:$C$40,$C44,AX$10:AX$40) -> 3707790.3 | AY44: =('8_가정'!$F$6*(1-'8_가정'!$F$33)-SUMIF($C$10:$C$40,"한국",AY$10:AY$40)-SUMIF($C$10:$C$40,"인도",AY$10:AY$40))*'8_가정'!$F$29/('8_가정'!$F$28+'8_가정'!$F$29+'8_가정'!$F$30+'8_가정'!$F$31)-SUMIF($C$10:$C$40,$C44,AY$10:AY$40) -> 4676528.4 | AZ44: =('8_가정'!$G$6*(1-'8_가정'!$G$33)-SUMIF($C$10:$C$40,"한국",AZ$10:AZ$40)-SUMIF($C$10:$C$40,"인도",AZ$10:AZ$40))*'8_가정'!$G$29/('8_가정'!$G$28+'8_가정'!$G$29+'8_가정'!$G$30+'8_가정'!$G$31)-SUMIF($C$10:$C$40,$C44,AZ$10:AZ$40) -> 35290454 | BA44: =SUM(AV44:AZ44) -> 43837172
A45: 36 | B45: 글로벌 | C45: 글로벌(삼성채널) | D45: 삼성 글로벌 채널(B2B 오퍼링 번들·시니어 모바일 앱) | E45: 엘더리 | F45: 파트너 | G45: 신규 | H45: C 신규 파이프라인(미확정) | I45: COH | J45: S | K45: =AW45 -> 97440 | V45: IR p.23·24: 삼성 B2B 오퍼링 번들(2028 글로벌 확장, 273개국). 2027 = 초기 공급 가정, 2028~30 = IR 매출 × 삼성 비중(8%·6%·5%, 8_가정 §2b). 미확정 항목 | X45: 0 | Y45: 0 | Z45: 0 | AA45: 0 | AB45: 0 | AC45: 0 | AD45: 0 | AE45: 0 | AF45: 0 | AG45: 0 | AH45: 0 | AI45: 0 | AJ45: 8120 | AK45: 8120 | AL45: 8120 | AM45: 8120 | AN45: 8120 | AO45: 8120 | AP45: 8120 | AQ45: 8120 | AR45: 8120 | AS45: 8120 | AT45: 8120 | AU45: 8120 | AV45: =SUM(X45:AI45) -> 0 | AW45: =SUM(AJ45:AU45) -> 97440 | AX45: ='8_가정'!$E$6-SUM(AX10:AX44) -> 2640000 | AY45: ='8_가정'!$F$6-SUM(AY10:AY44) -> 4200000 | AZ45: ='8_가정'!$G$6-SUM(AZ10:AZ44) -> 7800000 | BA45: =SUM(AV45:AZ45) -> 14737440
D46: A 합계(S1) | X46: =SUM(X10:X45) -> 47067 | Y46: =SUM(Y10:Y45) -> 36140 | Z46: =SUM(Z10:Z45) -> 56454 | AA46: =SUM(AA10:AA45) -> 10935 | AB46: =SUM(AB10:AB45) -> 22317 | AC46: =SUM(AC10:AC45) -> 51453 | AD46: =SUM(AD10:AD45) -> 13314 | AE46: =SUM(AE10:AE45) -> 7926 | ... BA46: =SUM(BA10:BA45) -> 270206217
D47: IR 매출 목표(참고) | AV47: ='8_가정'!$C$6 -> 1200000 | AW47: ='8_가정'!$D$6 -> 10005000 | AX47: ='8_가정'!$E$6 -> 33000000 | AY47: ='8_가정'!$F$6 -> 70000000 | AZ47: ='8_가정'!$G$6 -> 156000000 | BA47: =SUM(AV47:AZ47) -> 270205000
D48: 차이(모델 − IR) | AV48: =AV46-AV47 -> 1217 | AW48: =AW46-AW47 -> 0 | AX48: =AX46-AX47 -> 0 | AY48: =AY46-AY47 -> 0 | AZ48: =AZ46-AZ47 -> 0 | BA48: =BA46-BA47 -> 1217
D49: 차이 % | AV49: =IFERROR(AV48/AV47,0) -> 0.0010141667 | AW49: =IFERROR(AW48/AW47,0) -> 0 | AX49: =IFERROR(AX48/AX47,0) -> 0 | AY49: =IFERROR(AY48/AY47,0) -> 0 | AZ49: =IFERROR(AZ48/AZ47,0) -> 0 | BA49: =IFERROR(BA48/BA47,0) -> 4.5039877e-06
A51: B. 선택 시나리오 적용 — 손익계산서 연동 (A블록 × 아래 적용 계수)
D52: 적용 계수 = 선택 시나리오 매출 달성률(8_가정 §2) | X52: =IF(X$6<='8_가정'!$C$22,1,'8_가정'!$G$23) -> 1 | Y52: =IF(Y$6<='8_가정'!$C$22,1,'8_가정'!$G$23) -> 1 | Z52: =IF(Z$6<='8_가정'!$C$22,1,'8_가정'!$G$23) -> 1 | AA52: =IF(AA$6<='8_가정'!$C$22,1,'8_가정'!$G$23) -> 1 | AB52: =IF(AB$6<='8_가정'!$C$22,1,'8_가정'!$G$23) -> 1 | AC52: =IF(AC$6<='8_가정'!$C$22,1,'8_가정'!$G$23) -> 1 | AD52: =IF(AD$6<='8_가정'!$C$22,1,'8_가정'!$G$23) -> 1 | AE52: =IF(AE$6<='8_가정'!$C$22,1,'8_가정'!$G$23) -> 1 | ... AI52: =IF(AI$6<='8_가정'!$C$22,1,'8_가정'!$G$23) -> 1 | AJ52: ='8_가정'!$G$18 -> 1 | AK52: ='8_가정'!$G$18 -> 1 | AL52: ='8_가정'!$G$18 -> 1 | AM52: ='8_가정'!$G$18 -> 1 | AN52: ='8_가정'!$G$18 -> 1 | AO52: ='8_가정'!$G$18 -> 1 | AP52: ='8_가정'!$G$18 -> 1 | AQ52: ='8_가정'!$G$18 -> 1 | ... AU52: ='8_가정'!$G$18 -> 1 | AV52: =IFERROR(AV90/AV46,1) -> 1 | AW52: =IFERROR(AW90/AW46,1) -> 1 | AX52: ='8_가정'!$G$19 -> 1 | AY52: ='8_가정'!$G$20 -> 1 | AZ52: ='8_가정'!$G$21 -> 1 | BA52: =IFERROR(BA90/BA46,1) -> 1
A53: No | B53: 국가 | C53: 지역 | D53: 거래처 | E53: 카테고리 | F53: 거래형태 | G53: 모델 단계 | H53: 근거수준 | I53: 믹스 | J53: 입력방식 | X53: 2026-01 | Y53: 2026-02 | Z53: 2026-03 | AA53: 2026-04 | AB53: 2026-05 | AC53: 2026-06 | AD53: 2026-07 | AE53: 2026-08 | AF53: 2026-09 | AG53: 2026-10 | AH53: 2026-11 | AI53: 2026-12 | AJ53: 2027-01 | AK53: 2027-02 | AL53: 2027-03 | AM53: 2027-04 | AN53: 2027-05 | AO53: 2027-06 | AP53: 2027-07 | AQ53: 2027-08 | AR53: 2027-09 | AS53: 2027-10 | AT53: 2027-11 | AU53: 2027-12 | AV53: FY2026 | AW53: FY2027 | AX53: 2028E | AY53: 2029E | AZ53: 2030E | BA53: 5개년 합계
A54: =A10 -> 1 | B54: =B10 -> 한국 | C54: =C10 -> 한국 | D54: =D10 -> 네이버(Bebefit/Monit) — 베이비 | E54: =E10 -> 베이비 | F54: =F10 -> 온라인·B2C | G54: =G10 -> 기존 | H54: =H10 -> A 계약·기존 거래 | ... J54: =J10 -> M | X54: =X10*X$52 -> 2371 | Y54: =Y10*Y$52 -> 1579 | Z54: =Z10*Z$52 -> 2546 | AA54: =AA10*AA$52 -> 3668 | AB54: =AB10*AB$52 -> 1798 | AC54: =AC10*AC$52 -> 1795 | AD54: =AD10*AD$52 -> 2955 | AE54: =AE10*AE$52 -> 1587 | ... AU54: =AU10*AU$52 -> 30000 | AV54: =SUM(X54:AI54) -> 27678 | AW54: =SUM(AJ54:AU54) -> 195000 | AX54: =AX10*AX$52 -> 273000 | AY54: =AY10*AY$52 -> 327600 | AZ54: =AZ10*AZ$52 -> 366912 | BA54: =SUM(AV54:AZ54) -> 1190190
A55: =A11 -> 2 | B55: =B11 -> 한국 | C55: =C11 -> 한국 | D55: =D11 -> 네이버(위탁상품) — 베이비 | E55: =E11 -> 베이비 | F55: =F11 -> 온라인·B2C | G55: =G11 -> 기존 | H55: =H11 -> A 계약·기존 거래 | ... J55: =J11 -> M | X55: =X11*X$52 -> 437 | Y55: =Y11*Y$52 -> 655 | Z55: =Z11*Z$52 -> 1002 | AA55: =AA11*AA$52 -> 735 | AB55: =AB11*AB$52 -> 721 | AC55: =AC11*AC$52 -> 498 | AD55: =AD11*AD$52 -> 835 | AE55: =AE11*AE$52 -> 473 | ... AU55: =AU11*AU$52 -> 10000 | AV55: =SUM(X55:AI55) -> 8502 | AW55: =SUM(AJ55:AU55) -> 120000 | AX55: =AX11*AX$52 -> 168000 | AY55: =AY11*AY$52 -> 201600 | AZ55: =AZ11*AZ$52 -> 225792 | BA55: =SUM(AV55:AZ55) -> 723894
A56: =A12 -> 3 | B56: =B12 -> 한국 | C56: =C12 -> 한국 | D56: =D12 -> 쿠팡 — 베이비 | E56: =E12 -> 베이비 | F56: =F12 -> 온라인·B2C | G56: =G12 -> 기존 | H56: =H12 -> A 계약·기존 거래 | ... J56: =J12 -> M | X56: =X12*X$52 -> 2678 | Y56: =Y12*Y$52 -> 3941 | Z56: =Z12*Z$52 -> 4603 | AA56: =AA12*AA$52 -> 3442 | AB56: =AB12*AB$52 -> 1575 | AC56: =AC12*AC$52 -> 7345 | AD56: =AD12*AD$52 -> 3789 | AE56: =AE12*AE$52 -> 3603 | ... AU56: =AU12*AU$52 -> 20000 | AV56: =SUM(X56:AI56) -> 42959 | AW56: =SUM(AJ56:AU56) -> 165000 | AX56: =AX12*AX$52 -> 231000 | AY56: =AY12*AY$52 -> 277200 | AZ56: =AZ12*AZ$52 -> 310464 | BA56: =SUM(AV56:AZ56) -> 1026623
A57: =A13 -> 4 | B57: =B13 -> 한국 | C57: =C13 -> 한국 | D57: =D13 -> 기타 B2C — 베이비 | E57: =E13 -> 베이비 | F57: =F13 -> 온라인·B2C | G57: =G13 -> 기존 | H57: =H13 -> A 계약·기존 거래 | ... J57: =J13 -> M | X57: =X13*X$52 -> 2252 | Y57: =Y13*Y$52 -> 3394 | Z57: =Z13*Z$52 -> 2263 | AA57: =AA13*AA$52 -> 2605 | AB57: =AB13*AB$52 -> 2220 | AC57: =AC13*AC$52 -> 1490 | AD57: =AD13*AD$52 -> 4052 | AE57: =AE13*AE$52 -> 1576 | ... AU57: =AU13*AU$52 -> 24000 | AV57: =SUM(X57:AI57) -> 28572 | AW57: =SUM(AJ57:AU57) -> 171000 | AX57: =AX13*AX$52 -> 239400 | AY57: =AY13*AY$52 -> 287280 | AZ57: =AZ13*AZ$52 -> 321753.6 | BA57: =SUM(AV57:AZ57) -> 1048005.6
A58: =A14 -> 5 | B58: =B14 -> 한국 | C58: =C14 -> 한국 | D58: =D14 -> B2B(국내) — 베이비 | E58: =E14 -> 베이비 | F58: =F14 -> 국내 B2B | G58: =G14 -> 기존 | H58: =H14 -> A 계약·기존 거래 | ... J58: =J14 -> M | X58: =X14*X$52 -> 0 | Y58: =Y14*Y$52 -> 0 | Z58: =Z14*Z$52 -> 0 | AA58: =AA14*AA$52 -> 0 | AB58: =AB14*AB$52 -> 0 | AC58: =AC14*AC$52 -> 0 | AD58: =AD14*AD$52 -> 0 | AE58: =AE14*AE$52 -> 0 | ... AU58: =AU14*AU$52 -> 28923 | AV58: =SUM(X58:AI58) -> 10000 | AW58: =SUM(AJ58:AU58) -> 220000 | AX58: =AX14*AX$52 -> 308000 | AY58: =AY14*AY$52 -> 369600 | AZ58: =AZ14*AZ$52 -> 413952 | BA58: =SUM(AV58:AZ58) -> 1321552
A59: =A15 -> 6 | B59: =B15 -> 한국 | C59: =C15 -> 한국 | D59: =D15 -> APP KOREA — 유아(스마트 베이비 기저귀) | E59: =E15 -> 베이비 | F59: =F15 -> 파트너 | G59: =G15 -> 계약 | H59: =H15 -> A 계약·기존 거래 | ... J59: =J15 -> M | X59: =X15*X$52 -> 0 | Y59: =Y15*Y$52 -> 0 | Z59: =Z15*Z$52 -> 0 | AA59: =AA15*AA$52 -> 0 | AB59: =AB15*AB$52 -> 0 | AC59: =AC15*AC$52 -> 0 | AD59: =AD15*AD$52 -> 0 | AE59: =AE15*AE$52 -> 0 | ... AU59: =AU15*AU$52 -> 100000 | AV59: =SUM(X59:AI59) -> 0 | AW59: =SUM(AJ59:AU59) -> 1200000 | AX59: =AX15*AX$52 -> 1968000 | AY59: =AY15*AY$52 -> 2558400 | AZ59: =AZ15*AZ$52 -> 3070080 | BA59: =SUM(AV59:AZ59) -> 8796480
A60: =A16 -> 7 | B60: =B16 -> 대만 | C60: =C16 -> 동남아·APAC | D60: =D16 -> Little Loft(대만, 베이비) | E60: =E16 -> 베이비 | F60: =F16 -> 총판 | G60: =G16 -> 계약 | H60: =H16 -> A 계약·기존 거래 | ... J60: =J16 -> M | X60: =X16*X$52 -> 0 | Y60: =Y16*Y$52 -> 0 | Z60: =Z16*Z$52 -> 0 | AA60: =AA16*AA$52 -> 0 | AB60: =AB16*AB$52 -> 15004 | AC60: =AC16*AC$52 -> 15946 | AD60: =AD16*AD$52 -> 0 | AE60: =AE16*AE$52 -> 0 | ... AU60: =AU16*AU$52 -> 13147 | AV60: =SUM(X60:AI60) -> 50950 | AW60: =SUM(AJ60:AU60) -> 100000 | AX60: =AX16*AX$52 -> 260000 | AY60: =AY16*AY$52 -> 468000 | AZ60: =AZ16*AZ$52 -> 692640 | BA60: =SUM(AV60:AZ60) -> 1571590
A61: =A17 -> 8 | B61: =B17 -> 태국 | C61: =C17 -> 동남아·APAC | D61: =D17 -> Punnita House(태국, 베이비) | E61: =E17 -> 베이비 | F61: =F17 -> 총판 | G61: =G17 -> 계약 | H61: =H17 -> A 계약·기존 거래 | ... J61: =J17 -> M | X61: =X17*X$52 -> 0 | Y61: =Y17*Y$52 -> 0 | Z61: =Z17*Z$52 -> 22595 | AA61: =AA17*AA$52 -> 0 | AB61: =AB17*AB$52 -> 0 | AC61: =AC17*AC$52 -> 23287 | AD61: =AD17*AD$52 -> 0 | AE61: =AE17*AE$52 -> 0 | ... AU61: =AU17*AU$52 -> 14612 | AV61: =SUM(X61:AI61) -> 65882 | AW61: =SUM(AJ61:AU61) -> 120000 | AX61: =AX17*AX$52 -> 312000 | AY61: =AY17*AY$52 -> 561600 | AZ61: =AZ17*AZ$52 -> 831168 | BA61: =SUM(AV61:AZ61) -> 1890650
A62: =A18 -> 9 | B62: =B18 -> 미정 | C62: =C18 -> 동남아·APAC | D62: =D18 -> 신규 거래선-1 Swara Baby(베이비) | E62: =E18 -> 베이비 | F62: =F18 -> 총판 | G62: =G18 -> 진행 중 | H62: =H18 -> B 등록·입찰·협의 단계 | ... J62: =J18 -> M | X62: =X18*X$52 -> 0 | Y62: =Y18*Y$52 -> 0 | Z62: =Z18*Z$52 -> 0 | AA62: =AA18*AA$52 -> 0 | AB62: =AB18*AB$52 -> 0 | AC62: =AC18*AC$52 -> 0 | AD62: =AD18*AD$52 -> 0 | AE62: =AE18*AE$52 -> 0 | ... AU62: =AU18*AU$52 -> 13147 | AV62: =SUM(X62:AI62) -> 0 | AW62: =SUM(AJ62:AU62) -> 100000 | AX62: =AX18*AX$52 -> 260000 | AY62: =AY18*AY$52 -> 468000 | AZ62: =AZ18*AZ$52 -> 692640 | BA62: =SUM(AV62:AZ62) -> 1520640
A63: =A19 -> 10 | B63: =B19 -> 미정 | C63: =C19 -> 동남아·APAC | D63: =D19 -> 신규 거래선-2(베이비) | E63: =E19 -> 베이비 | F63: =F19 -> 총판 | G63: =G19 -> 진행 중 | H63: =H19 -> B 등록·입찰·협의 단계 | ... J63: =J19 -> M | X63: =X19*X$52 -> 0 | Y63: =Y19*Y$52 -> 0 | Z63: =Z19*Z$52 -> 0 | AA63: =AA19*AA$52 -> 0 | AB63: =AB19*AB$52 -> 0 | AC63: =AC19*AC$52 -> 0 | AD63: =AD19*AD$52 -> 0 | AE63: =AE19*AE$52 -> 0 | ... AU63: =AU19*AU$52 -> 11046 | AV63: =SUM(X63:AI63) -> 0 | AW63: =SUM(AJ63:AU63) -> 80000 | AX63: =AX19*AX$52 -> 208000 | AY63: =AY19*AY$52 -> 374400 | AZ63: =AZ19*AZ$52 -> 554112 | BA63: =SUM(AV63:AZ63) -> 1216512
A64: =A20 -> 11 | B64: =B20 -> 한국 | C64: =C20 -> 한국 | D64: =D20 -> 삼성노블카운티 | E64: =E20 -> 엘더리 | F64: =F20 -> 기관(직접) | G64: =G20 -> 계약 | H64: =H20 -> A 계약·기존 거래 | ... J64: =J20 -> M | X64: =X20*X$52 -> 0 | Y64: =Y20*Y$52 -> 0 | Z64: =Z20*Z$52 -> 0 | AA64: =AA20*AA$52 -> 0 | AB64: =AB20*AB$52 -> 0 | AC64: =AC20*AC$52 -> 0 | AD64: =AD20*AD$52 -> 0 | AE64: =AE20*AE$52 -> 0 | ... AU64: =AU20*AU$52 -> 7900 | AV64: =SUM(X64:AI64) -> 15800 | AW64: =SUM(AJ64:AU64) -> 94800 | AX64: =AX20*AX$52 -> 125136 | AY64: =AY20*AY$52 -> 143906.4 | AZ64: =AZ20*AZ$52 -> 155418.91 | BA64: =SUM(AV64:AZ64) -> 535061.31
A65: =A21 -> 12 | B65: =B21 -> 한국 | C65: =C21 -> 한국 | D65: =D21 -> 국내 요양병원·시설 구독 매출 | E65: =E21 -> 엘더리 | F65: =F21 -> 총판 | G65: =G21 -> 진행 중 | H65: =H21 -> B 등록·입찰·협의 단계 | ... J65: =J21 -> M | X65: =X21*X$52 -> 0 | Y65: =Y21*Y$52 -> 0 | Z65: =Z21*Z$52 -> 0 | AA65: =AA21*AA$52 -> 0 | AB65: =AB21*AB$52 -> 0 | AC65: =AC21*AC$52 -> 0 | AD65: =AD21*AD$52 -> 0 | AE65: =AE21*AE$52 -> 0 | ... AU65: =AU21*AU$52 -> 225915 | AV65: =SUM(X65:AI65) -> 63200 | AW65: =SUM(AJ65:AU65) -> 1986200 | AX65: =AX21*AX$52 -> 4846328 | AY65: =AY21*AY$52 -> 8238757.6 | AZ65: =AZ21*AZ$52 -> 11534261 | BA65: =SUM(AV65:AZ65) -> 26668746
... A89: =A45 -> 36 | B89: =B45 -> 글로벌 | C89: =C45 -> 글로벌(삼성채널) | D89: =D45 -> 삼성 글로벌 채널(B2B 오퍼링 번들·시니어 모바일 앱) | E89: =E45 -> 엘더리 | F89: =F45 -> 파트너 | G89: =G45 -> 신규 | H89: =H45 -> C 신규 파이프라인(미확정) | ... J89: =J45 -> S | X89: =X45*X$52 -> 0 | Y89: =Y45*Y$52 -> 0 | Z89: =Z45*Z$52 -> 0 | AA89: =AA45*AA$52 -> 0 | AB89: =AB45*AB$52 -> 0 | AC89: =AC45*AC$52 -> 0 | AD89: =AD45*AD$52 -> 0 | AE89: =AE45*AE$52 -> 0 | ... AU89: =AU45*AU$52 -> 8120 | AV89: =SUM(X89:AI89) -> 0 | AW89: =SUM(AJ89:AU89) -> 97440 | AX89: =AX45*AX$52 -> 2640000 | AY89: =AY45*AY$52 -> 4200000 | AZ89: =AZ45*AZ$52 -> 7800000 | BA89: =SUM(AV89:AZ89) -> 14737440
D90: B 합계(선택 시나리오) | X90: =SUM(X54:X89) -> 47067 | Y90: =SUM(Y54:Y89) -> 36140 | Z90: =SUM(Z54:Z89) -> 56454 | AA90: =SUM(AA54:AA89) -> 10935 | AB90: =SUM(AB54:AB89) -> 22317 | AC90: =SUM(AC54:AC89) -> 51453 | AD90: =SUM(AD54:AD89) -> 13314 | AE90: =SUM(AE54:AE89) -> 7926 | ... BA90: =SUM(BA54:BA89) -> 270206217
D91: 전년 대비 성장률 | AW91: =IFERROR(AW90/AV90-1,0) -> 7.329053 | AX91: =IFERROR(AX90/AW90-1,0) -> 2.2983508 | AY91: =IFERROR(AY90/AX90-1,0) -> 1.1212121 | AZ91: =IFERROR(AZ90/AY90-1,0) -> 1.2285714
A93: ※ 2026은 거래처 매출표 기준 사실(1~9월 실적, 10~12월 확정·예상 발주). 2027은 매출표 거래처 구성을 바탕으로 IR 목표(100.05억)에 맞춘 계획: 진행 중 요양병원·시설은 IR p.25 표 금액, 신규 파이프라인은 비례 축소.
A94: ※ 2027 월별: 분기·격월 등 불규칙 발주 거래처는 첫 발주 월부터 월 9.6% 성장곡선(인원 8→22명 증가율)으로 배분, 계약형(월 정액)·단계형 거래처는 매출표 패턴 유지. Punnita 잔금 2,000만원은 2027-01 고정.
A95: ※ 2028~2030: M = 2027 매출 × (1+성장률), N = 연간 입력(인도), C = 지역 목표(IR p.24 차트 비중) − 지정 거래처, S = 삼성 글로벌 채널(IR × 삼성 비중). 합계는 IR 목표와 정확히 일치.
A96: ※ O~V열(근거·가정 메모)은 그룹으로 접혀 있습니다(열 머리글 위 + 클릭 시 펼쳐짐).
A97: ※ 시나리오: B블록 = A블록 × 적용 계수(S1 100% · S2 80% · S3 60%). 2026은 1~9월 실적을 고정하고 10~12월에 계수를 역산 적용해 연간 달성률을 맞춥니다. S1에서 B블록 = A블록입니다.

Sheet 5_매출_제품지역
A1: 5_매출_제품지역 — 제품·카테고리·지역·채널·근거수준별 매출
A2: 단위: 천원. 선택 시나리오 기준(4_매출_거래처 B블록 집계). 모든 블록의 합계는 제품 합계 = 4번 시트 B합계와 일치해야 합니다(검증 행).
A3: ※ 천원 미만 단수 처리로 표시된 항목 합계가 ±1천원 차이날 수 있습니다(내부 계산값은 정확히 일치).
A5: 구분 | B5: 코드 | C5: 2026-01 | D5: 2026-02 | E5: 2026-03 | F5: 2026-04 | G5: 2026-05 | H5: 2026-06 | I5: 2026-07 | J5: 2026-08 | K5: 2026-09 | L5: 2026-10 | M5: 2026-11 | N5: 2026-12 | O5: 2027-01 | P5: 2027-02 | Q5: 2027-03 | R5: 2027-04 | S5: 2027-05 | T5: 2027-06 | U5: 2027-07 | V5: 2027-08 | W5: 2027-09 | X5: 2027-10 | Y5: 2027-11 | Z5: 2027-12 | AA5: FY2026 | AB5: FY2027 | AC5: 2028E | AD5: 2029E | AE5: 2030E | AF5: 5개년 합계
C6: 잠정 | D6: 잠정 | E6: 잠정 | F6: 잠정 | G6: 잠정 | H6: 잠정 | I6: 잠정 | J6: 잠정 | K6: 잠정 | L6: 계획 | M6: 계획 | N6: 계획 | O6: 계획 | P6: 계획 | Q6: 계획 | R6: 계획 | S6: 계획 | T6: 계획 | U6: 계획 | V6: 계획 | W6: 계획 | X6: 계획 | Y6: 계획 | Z6: 계획 | AA6: FY합계 | AB6: FY합계 | AC6: 계획(연) | AD6: 계획(연) | AE6: 계획(연) | AF6: 합계
A8: A. 제품별 매출
A9: 스마트 기저귀(전용 기저귀·패드, 소모품) | B9: P1 | C9: =SUMPRODUCT('4_매출_거래처'!X$54:X$89,$C$80:$C$115) -> 31309.58 | D9: =SUMPRODUCT('4_매출_거래처'!Y$54:Y$89,$C$80:$C$115) -> 27599.9 | E9: =SUMPRODUCT('4_매출_거래처'!Z$54:Z$89,$C$80:$C$115) -> 42416.97 | F9: =SUMPRODUCT('4_매출_거래처'!AA$54:AA$89,$C$80:$C$115) -> 9270.5 | G9: =SUMPRODUCT('4_매출_거래처'!AB$54:AB$89,$C$80:$C$115) -> 18919.5 | H9: =SUMPRODUCT('4_매출_거래처'!AC$54:AC$89,$C$80:$C$115) -> 43680.45 | I9: =SUMPRODUCT('4_매출_거래처'!AD$54:AD$89,$C$80:$C$115) -> 11232.75 | J9: =SUMPRODUCT('4_매출_거래처'!AE$54:AE$89,$C$80:$C$115) -> 6702.75 | ... N9: =SUMPRODUCT('4_매출_거래처'!AI$54:AI$89,$C$80:$C$115) -> 229399 | O9: =SUMPRODUCT('4_매출_거래처'!AJ$54:AJ$89,$D$80:$D$115) -> 364121.55 | P9: =SUMPRODUCT('4_매출_거래처'!AK$54:AK$89,$D$80:$D$115) -> 381838.3 | Q9: =SUMPRODUCT('4_매출_거래처'!AL$54:AL$89,$D$80:$D$115) -> 448856.35 | R9: =SUMPRODUCT('4_매출_거래처'!AM$54:AM$89,$D$80:$D$115) -> 502831.41 | S9: =SUMPRODUCT('4_매출_거래처'!AN$54:AN$89,$D$80:$D$115) -> 539464.98 | T9: =SUMPRODUCT('4_매출_거래처'!AO$54:AO$89,$D$80:$D$115) -> 567012.95 | U9: =SUMPRODUCT('4_매출_거래처'!AP$54:AP$89,$D$80:$D$115) -> 619075.89 | V9: =SUMPRODUCT('4_매출_거래처'!AQ$54:AQ$89,$D$80:$D$115) -> 638697.99 | ... Z9: =SUMPRODUCT('4_매출_거래처'!AU$54:AU$89,$D$80:$D$115) -> 779194.59 | AA9: =SUM(C9:N9) -> 739027.42 | AB9: =SUM(O9:Z9) -> 6988950 | AC9: =SUMPRODUCT('4_매출_거래처'!AX$54:AX$89,$E$80:$E$115) -> 22089683 | AD9: =SUMPRODUCT('4_매출_거래처'!AY$54:AY$89,$F$80:$F$115) -> 43454751 | AE9: =SUMPRODUCT('4_매출_거래처'!AZ$54:AZ$89,$G$80:$G$115) -> 90093769 | AF9: =SUM(AA9:AE9) -> 1.6336618e+08
A10: 센서·BLE 게이트웨이(하드웨어) | B10: P2 | C10: =SUMPRODUCT('4_매출_거래처'!X$54:X$89,$H$80:$H$115) -> 10227.54 | D10: =SUMPRODUCT('4_매출_거래처'!Y$54:Y$89,$H$80:$H$115) -> 4275.31 | E10: =SUMPRODUCT('4_매출_거래처'!Z$54:Z$89,$H$80:$H$115) -> 8250.45 | F10: =SUMPRODUCT('4_매출_거래처'!AA$54:AA$89,$H$80:$H$115) -> 561.3 | G10: =SUMPRODUCT('4_매출_거래처'!AB$54:AB$89,$H$80:$H$115) -> 1145.82 | H10: =SUMPRODUCT('4_매출_거래처'!AC$54:AC$89,$H$80:$H$115) -> 2605.41 | I10: =SUMPRODUCT('4_매출_거래처'!AD$54:AD$89,$H$80:$H$115) -> 716.19 | J10: =SUMPRODUCT('4_매출_거래처'!AE$54:AE$89,$H$80:$H$115) -> 416.91 | ... N10: =SUMPRODUCT('4_매출_거래처'!AI$54:AI$89,$H$80:$H$115) -> 172603.3 | O10: =SUMPRODUCT('4_매출_거래처'!AJ$54:AJ$89,$I$80:$I$115) -> 55154.99 | P10: =SUMPRODUCT('4_매출_거래처'!AK$54:AK$89,$I$80:$I$115) -> 62552.96 | Q10: =SUMPRODUCT('4_매출_거래처'!AL$54:AL$89,$I$80:$I$115) -> 90031.77 | R10: =SUMPRODUCT('4_매출_거래처'!AM$54:AM$89,$I$80:$I$115) -> 100561.25 | S10: =SUMPRODUCT('4_매출_거래처'!AN$54:AN$89,$I$80:$I$115) -> 109133.28 | T10: =SUMPRODUCT('4_매출_거래처'!AO$54:AO$89,$I$80:$I$115) -> 114051.31 | U10: =SUMPRODUCT('4_매출_거래처'!AP$54:AP$89,$I$80:$I$115) -> 120644.11 | V10: =SUMPRODUCT('4_매출_거래처'!AQ$54:AQ$89,$I$80:$I$115) -> 127116.53 | ... Z10: =SUMPRODUCT('4_매출_거래처'!AU$54:AU$89,$I$80:$I$115) -> 169048.95 | AA10: =SUM(C10:N10) -> 246970.51 | AB10: =SUM(O10:Z10) -> 1386630 | AC10: =SUMPRODUCT('4_매출_거래처'!AX$54:AX$89,$J$80:$J$115) -> 4110700.7 | AD10: =SUMPRODUCT('4_매출_거래처'!AY$54:AY$89,$K$80:$K$115) -> 8636200.7 | AE10: =SUMPRODUCT('4_매출_거래처'!AZ$54:AZ$89,$L$80:$L$115) -> 18303207 | AF10: =SUM(AA10:AE10) -> 32683709
A11: 앱·웹 모니터링 구독(SW·AI) | B11: P3 | C11: =SUMPRODUCT('4_매출_거래처'!X$54:X$89,$M$80:$M$115) -> 5529.88 | D11: =SUMPRODUCT('4_매출_거래처'!Y$54:Y$89,$M$80:$M$115) -> 4264.79 | E11: =SUMPRODUCT('4_매출_거래처'!Z$54:Z$89,$M$80:$M$115) -> 5786.58 | F11: =SUMPRODUCT('4_매출_거래처'!AA$54:AA$89,$M$80:$M$115) -> 1103.2 | G11: =SUMPRODUCT('4_매출_거래처'!AB$54:AB$89,$M$80:$M$115) -> 2251.68 | H11: =SUMPRODUCT('4_매출_거래처'!AC$54:AC$89,$M$80:$M$115) -> 5167.14 | I11: =SUMPRODUCT('4_매출_거래처'!AD$54:AD$89,$M$80:$M$115) -> 1365.06 | J11: =SUMPRODUCT('4_매출_거래처'!AE$54:AE$89,$M$80:$M$115) -> 806.34 | ... N11: =SUMPRODUCT('4_매출_거래처'!AI$54:AI$89,$M$80:$M$115) -> 62291.15 | O11: =SUMPRODUCT('4_매출_거래처'!AJ$54:AJ$89,$N$80:$N$115) -> 53254.1 | P11: =SUMPRODUCT('4_매출_거래처'!AK$54:AK$89,$N$80:$N$115) -> 56090.35 | Q11: =SUMPRODUCT('4_매출_거래처'!AL$54:AL$89,$N$80:$N$115) -> 69335.7 | R11: =SUMPRODUCT('4_매출_거래처'!AM$54:AM$89,$N$80:$N$115) -> 76655.97 | S11: =SUMPRODUCT('4_매출_거래처'!AN$54:AN$89,$N$80:$N$115) -> 82243.11 | T11: =SUMPRODUCT('4_매출_거래처'!AO$54:AO$89,$N$80:$N$115) -> 86076.05 | U11: =SUMPRODUCT('4_매출_거래처'!AP$54:AP$89,$N$80:$N$115) -> 92804.83 | V11: =SUMPRODUCT('4_매출_거래처'!AQ$54:AQ$89,$N$80:$N$115) -> 95534.93 | ... Z11: =SUMPRODUCT('4_매출_거래처'!AU$54:AU$89,$N$80:$N$115) -> 118162.68 | AA11: =SUM(C11:N11) -> 135625.52 | AB11: =SUM(O11:Z11) -> 1052700 | AC11: =SUMPRODUCT('4_매출_거래처'!AX$54:AX$89,$O$80:$O$115) -> 3783068 | AD11: =SUMPRODUCT('4_매출_거래처'!AY$54:AY$89,$P$80:$P$115) -> 8107672.8 | AE11: =SUMPRODUCT('4_매출_거래처'!AZ$54:AZ$89,$Q$80:$Q$115) -> 18316315 | AF11: =SUM(AA11:AE11) -> 31395381
A12: 바이탈 모니터링 센서(60GHz, 2026 Q4 출시) | B12: P4 | C12: =SUMPRODUCT('4_매출_거래처'!X$54:X$89,$R$80:$R$115) -> 0 | D12: =SUMPRODUCT('4_매출_거래처'!Y$54:Y$89,$R$80:$R$115) -> 0 | E12: =SUMPRODUCT('4_매출_거래처'!Z$54:Z$89,$R$80:$R$115) -> 0 | F12: =SUMPRODUCT('4_매출_거래처'!AA$54:AA$89,$R$80:$R$115) -> 0 | G12: =SUMPRODUCT('4_매출_거래처'!AB$54:AB$89,$R$80:$R$115) -> 0 | H12: =SUMPRODUCT('4_매출_거래처'!AC$54:AC$89,$R$80:$R$115) -> 0 | I12: =SUMPRODUCT('4_매출_거래처'!AD$54:AD$89,$R$80:$R$115) -> 0 | J12: =SUMPRODUCT('4_매출_거래처'!AE$54:AE$89,$R$80:$R$115) -> 0 | ... N12: =SUMPRODUCT('4_매출_거래처'!AI$54:AI$89,$R$80:$R$115) -> 0 | O12: =SUMPRODUCT('4_매출_거래처'!AJ$54:AJ$89,$S$80:$S$115) -> 10005.96 | P12: =SUMPRODUCT('4_매출_거래처'!AK$54:AK$89,$S$80:$S$115) -> 11292.99 | Q12: =SUMPRODUCT('4_매출_거래처'!AL$54:AL$89,$S$80:$S$115) -> 15135.58 | R12: =SUMPRODUCT('4_매출_거래처'!AM$54:AM$89,$S$80:$S$115) -> 16787.77 | S12: =SUMPRODUCT('4_매출_거래처'!AN$54:AN$89,$S$80:$S$115) -> 19100.43 | T12: =SUMPRODUCT('4_매출_거래처'!AO$54:AO$89,$S$80:$S$115) -> 20096.49 | U12: =SUMPRODUCT('4_매출_거래처'!AP$54:AP$89,$S$80:$S$115) -> 21113.97 | V12: =SUMPRODUCT('4_매출_거래처'!AQ$54:AQ$89,$S$80:$S$115) -> 21853.35 | ... Z12: =SUMPRODUCT('4_매출_거래처'!AU$54:AU$89,$S$80:$S$115) -> 27261.98 | AA12: =SUM(C12:N12) -> 0 | AB12: =SUM(O12:Z12) -> 238240 | AC12: =SUMPRODUCT('4_매출_거래처'!AX$54:AX$89,$T$80:$T$115) -> 1792446.1 | AD12: =SUMPRODUCT('4_매출_거래처'!AY$54:AY$89,$U$80:$U$115) -> 5949350.2 | AE12: =SUMPRODUCT('4_매출_거래처'!AZ$54:AZ$89,$V$80:$V$115) -> 17723890 | AF12: =SUM(AA12:AE12) -> 25703926
A13: 스마트 욕창 케어(2027 출시) | B13: P5 | C13: =SUMPRODUCT('4_매출_거래처'!X$54:X$89,$W$80:$W$115) -> 0 | D13: =SUMPRODUCT('4_매출_거래처'!Y$54:Y$89,$W$80:$W$115) -> 0 | E13: =SUMPRODUCT('4_매출_거래처'!Z$54:Z$89,$W$80:$W$115) -> 0 | F13: =SUMPRODUCT('4_매출_거래처'!AA$54:AA$89,$W$80:$W$115) -> 0 | G13: =SUMPRODUCT('4_매출_거래처'!AB$54:AB$89,$W$80:$W$115) -> 0 | H13: =SUMPRODUCT('4_매출_거래처'!AC$54:AC$89,$W$80:$W$115) -> 0 | I13: =SUMPRODUCT('4_매출_거래처'!AD$54:AD$89,$W$80:$W$115) -> 0 | J13: =SUMPRODUCT('4_매출_거래처'!AE$54:AE$89,$W$80:$W$115) -> 0 | ... N13: =SUMPRODUCT('4_매출_거래처'!AI$54:AI$89,$W$80:$W$115) -> 0 | O13: =SUMPRODUCT('4_매출_거래처'!AJ$54:AJ$89,$X$80:$X$115) -> 487.2 | P13: =SUMPRODUCT('4_매출_거래처'!AK$54:AK$89,$X$80:$X$115) -> 487.2 | Q13: =SUMPRODUCT('4_매출_거래처'!AL$54:AL$89,$X$80:$X$115) -> 1136.8 | R13: =SUMPRODUCT('4_매출_거래처'!AM$54:AM$89,$X$80:$X$115) -> 1136.8 | S13: =SUMPRODUCT('4_매출_거래처'!AN$54:AN$89,$X$80:$X$115) -> 1461.6 | T13: =SUMPRODUCT('4_매출_거래처'!AO$54:AO$89,$X$80:$X$115) -> 1461.6 | U13: =SUMPRODUCT('4_매출_거래처'!AP$54:AP$89,$X$80:$X$115) -> 1461.6 | V13: =SUMPRODUCT('4_매출_거래처'!AQ$54:AQ$89,$X$80:$X$115) -> 1461.6 | ... Z13: =SUMPRODUCT('4_매출_거래처'!AU$54:AU$89,$X$80:$X$115) -> 1786.4 | AA13: =SUM(C13:N13) -> 0 | AB13: =SUM(O13:Z13) -> 16240 | AC13: =SUMPRODUCT('4_매출_거래처'!AX$54:AX$89,$Y$80:$Y$115) -> 424931.36 | AD13: =SUMPRODUCT('4_매출_거래처'!AY$54:AY$89,$Z$80:$Z$115) -> 2283801.6 | AE13: =SUMPRODUCT('4_매출_거래처'!AZ$54:AZ$89,$AA$80:$AA$115) -> 8282271.8 | AF13: =SUM(AA13:AE13) -> 11007245
A14: R&D·PoC 용역 | B14: P6 | C14: =SUMPRODUCT('4_매출_거래처'!X$54:X$89,$AB$80:$AB$115) -> 0 | D14: =SUMPRODUCT('4_매출_거래처'!Y$54:Y$89,$AB$80:$AB$115) -> 0 | E14: =SUMPRODUCT('4_매출_거래처'!Z$54:Z$89,$AB$80:$AB$115) -> 0 | F14: =SUMPRODUCT('4_매출_거래처'!AA$54:AA$89,$AB$80:$AB$115) -> 0 | G14: =SUMPRODUCT('4_매출_거래처'!AB$54:AB$89,$AB$80:$AB$115) -> 0 | H14: =SUMPRODUCT('4_매출_거래처'!AC$54:AC$89,$AB$80:$AB$115) -> 0 | I14: =SUMPRODUCT('4_매출_거래처'!AD$54:AD$89,$AB$80:$AB$115) -> 0 | J14: =SUMPRODUCT('4_매출_거래처'!AE$54:AE$89,$AB$80:$AB$115) -> 0 | ... N14: =SUMPRODUCT('4_매출_거래처'!AI$54:AI$89,$AB$80:$AB$115) -> 28343.55 | O14: =SUMPRODUCT('4_매출_거래처'!AJ$54:AJ$89,$AC$80:$AC$115) -> 4987.2 | P14: =SUMPRODUCT('4_매출_거래처'!AK$54:AK$89,$AC$80:$AC$115) -> 5868.2 | Q14: =SUMPRODUCT('4_매출_거래처'!AL$54:AL$89,$AC$80:$AC$115) -> 18097.8 | R14: =SUMPRODUCT('4_매출_거래처'!AM$54:AM$89,$AC$80:$AC$115) -> 23036.8 | S14: =SUMPRODUCT('4_매출_거래처'!AN$54:AN$89,$AC$80:$AC$115) -> 25037.6 | T14: =SUMPRODUCT('4_매출_거래처'!AO$54:AO$89,$AC$80:$AC$115) -> 26874.6 | U14: =SUMPRODUCT('4_매출_거래처'!AP$54:AP$89,$AC$80:$AC$115) -> 28889.6 | V14: =SUMPRODUCT('4_매출_거래처'!AQ$54:AQ$89,$AC$80:$AC$115) -> 31097.6 | ... Z14: =SUMPRODUCT('4_매출_거래처'!AU$54:AU$89,$AC$80:$AC$115) -> 45600.4 | AA14: =SUM(C14:N14) -> 79593.55 | AB14: =SUM(O14:Z14) -> 322240 | AC14: =SUMPRODUCT('4_매출_거래처'!AX$54:AX$89,$AD$80:$AD$115) -> 799170.72 | AD14: =SUMPRODUCT('4_매출_거래처'!AY$54:AY$89,$AE$80:$AE$115) -> 1568223.9 | AE14: =SUMPRODUCT('4_매출_거래처'!AZ$54:AZ$89,$AF$80:$AF$115) -> 3280547 | AF14: =SUM(AA14:AE14) -> 6049775.2
A15: 매출액 합계 | C15: =SUM(C9:C14) -> 47067 | D15: =SUM(D9:D14) -> 36140 | E15: =SUM(E9:E14) -> 56454 | F15: =SUM(F9:F14) -> 10935 | G15: =SUM(G9:G14) -> 22317 | H15: =SUM(H9:H14) -> 51453 | I15: =SUM(I9:I14) -> 13314 | J15: =SUM(J9:J14) -> 7926 | ... AF15: =SUM(AF9:AF14) -> 270206217
A16: 검증: 제품 합계 − 4_매출_거래처 B합계(0이어야 함) | C16: =C15-'4_매출_거래처'!X90 -> 0 | D16: =D15-'4_매출_거래처'!Y90 -> 0 | E16: =E15-'4_매출_거래처'!Z90 -> 0 | F16: =F15-'4_매출_거래처'!AA90 -> 0 | G16: =G15-'4_매출_거래처'!AB90 -> 0 | H16: =H15-'4_매출_거래처'!AC90 -> 0 | I16: =I15-'4_매출_거래처'!AD90 -> 0 | J16: =J15-'4_매출_거래처'!AE90 -> 0 | ... AF16: =AF15-'4_매출_거래처'!BA90 -> 0
A17: B. 카테고리별 매출 (베이비 / 엘더리)
A18: 베이비 | C18: =SUMIF('4_매출_거래처'!$E$54:$E$89,$A18,'4_매출_거래처'!X$54:X$89) -> 7738 | D18: =SUMIF('4_매출_거래처'!$E$54:$E$89,$A18,'4_매출_거래처'!Y$54:Y$89) -> 9569 | E18: =SUMIF('4_매출_거래처'!$E$54:$E$89,$A18,'4_매출_거래처'!Z$54:Z$89) -> 33009 | F18: =SUMIF('4_매출_거래처'!$E$54:$E$89,$A18,'4_매출_거래처'!AA$54:AA$89) -> 10450 | G18: =SUMIF('4_매출_거래처'!$E$54:$E$89,$A18,'4_매출_거래처'!AB$54:AB$89) -> 21318 | H18: =SUMIF('4_매출_거래처'!$E$54:$E$89,$A18,'4_매출_거래처'!AC$54:AC$89) -> 50361 | I18: =SUMIF('4_매출_거래처'!$E$54:$E$89,$A18,'4_매출_거래처'!AD$54:AD$89) -> 11631 | J18: =SUMIF('4_매출_거래처'!$E$54:$E$89,$A18,'4_매출_거래처'!AE$54:AE$89) -> 7239 | ... Z18: =SUMIF('4_매출_거래처'!$E$54:$E$89,$A18,'4_매출_거래처'!AU$54:AU$89) -> 264875 | AA18: =SUM(C18:N18) -> 234543 | AB18: =SUM(O18:Z18) -> 2471000 | AC18: =SUMIF('4_매출_거래처'!$E$54:$E$89,$A18,'4_매출_거래처'!AX$54:AX$89) -> 4227400 | AD18: =SUMIF('4_매출_거래처'!$E$54:$E$89,$A18,'4_매출_거래처'!AY$54:AY$89) -> 5893680 | AE18: =SUMIF('4_매출_거래처'!$E$54:$E$89,$A18,'4_매출_거래처'!AZ$54:AZ$89) -> 7479513.6 | AF18: =SUM(AA18:AE18) -> 20306137
A19: 엘더리 | C19: =SUMIF('4_매출_거래처'!$E$54:$E$89,$A19,'4_매출_거래처'!X$54:X$89) -> 39329 | D19: =SUMIF('4_매출_거래처'!$E$54:$E$89,$A19,'4_매출_거래처'!Y$54:Y$89) -> 26571 | E19: =SUMIF('4_매출_거래처'!$E$54:$E$89,$A19,'4_매출_거래처'!Z$54:Z$89) -> 23445 | F19: =SUMIF('4_매출_거래처'!$E$54:$E$89,$A19,'4_매출_거래처'!AA$54:AA$89) -> 485 | G19: =SUMIF('4_매출_거래처'!$E$54:$E$89,$A19,'4_매출_거래처'!AB$54:AB$89) -> 999 | H19: =SUMIF('4_매출_거래처'!$E$54:$E$89,$A19,'4_매출_거래처'!AC$54:AC$89) -> 1092 | I19: =SUMIF('4_매출_거래처'!$E$54:$E$89,$A19,'4_매출_거래처'!AD$54:AD$89) -> 1683 | J19: =SUMIF('4_매출_거래처'!$E$54:$E$89,$A19,'4_매출_거래처'!AE$54:AE$89) -> 687 | ... Z19: =SUMIF('4_매출_거래처'!$E$54:$E$89,$A19,'4_매출_거래처'!AU$54:AU$89) -> 876180 | AA19: =SUM(C19:N19) -> 966674 | AB19: =SUM(O19:Z19) -> 7534000 | AC19: =SUMIF('4_매출_거래처'!$E$54:$E$89,$A19,'4_매출_거래처'!AX$54:AX$89) -> 28772600 | AD19: =SUMIF('4_매출_거래처'!$E$54:$E$89,$A19,'4_매출_거래처'!AY$54:AY$89) -> 64106320 | AE19: =SUMIF('4_매출_거래처'!$E$54:$E$89,$A19,'4_매출_거래처'!AZ$54:AZ$89) -> 1.4852049e+08 | AF19: =SUM(AA19:AE19) -> 2.4990008e+08
A20: 카테고리 합계 | C20: =SUM(C18:C19) -> 47067 | D20: =SUM(D18:D19) -> 36140 | E20: =SUM(E18:E19) -> 56454 | F20: =SUM(F18:F19) -> 10935 | G20: =SUM(G18:G19) -> 22317 | H20: =SUM(H18:H19) -> 51453 | I20: =SUM(I18:I19) -> 13314 | J20: =SUM(J18:J19) -> 7926 | ... AF20: =SUM(AF18:AF19) -> 270206217
A21: 검증: 카테고리 합계 − 제품 합계(0이어야 함) | C21: =C20-C15 -> 0 | D21: =D20-D15 -> 0 | E21: =E20-E15 -> 0 | F21: =F20-F15 -> 0 | G21: =G20-G15 -> 0 | H21: =H20-H15 -> 0 | I21: =I20-I15 -> 0 | J21: =J20-J15 -> 0 | ... AF21: =AF20-AF15 -> 0
A23: C. 지역별 매출
A24: 한국 | C24: =SUMIF('4_매출_거래처'!$C$54:$C$89,$A24,'4_매출_거래처'!X$54:X$89) -> 34188 | D24: =SUMIF('4_매출_거래처'!$C$54:$C$89,$A24,'4_매출_거래처'!Y$54:Y$89) -> 36140 | E24: =SUMIF('4_매출_거래처'!$C$54:$C$89,$A24,'4_매출_거래처'!Z$54:Z$89) -> 14458 | F24: =SUMIF('4_매출_거래처'!$C$54:$C$89,$A24,'4_매출_거래처'!AA$54:AA$89) -> 10935 | G24: =SUMIF('4_매출_거래처'!$C$54:$C$89,$A24,'4_매출_거래처'!AB$54:AB$89) -> 7313 | H24: =SUMIF('4_매출_거래처'!$C$54:$C$89,$A24,'4_매출_거래처'!AC$54:AC$89) -> 12220 | I24: =SUMIF('4_매출_거래처'!$C$54:$C$89,$A24,'4_매출_거래처'!AD$54:AD$89) -> 13314 | J24: =SUMIF('4_매출_거래처'!$C$54:$C$89,$A24,'4_매출_거래처'!AE$54:AE$89) -> 7926 | ... Z24: =SUMIF('4_매출_거래처'!$C$54:$C$89,$A24,'4_매출_거래처'!AU$54:AU$89) -> 658947 | AA24: =SUM(C24:N24) -> 657067 | AB24: =SUM(O24:Z24) -> 6433000 | AC24: =SUMIF('4_매출_거래처'!$C$54:$C$89,$A24,'4_매출_거래처'!AX$54:AX$89) -> 11750264 | AD24: =SUMIF('4_매출_거래처'!$C$54:$C$89,$A24,'4_매출_거래처'!AY$54:AY$89) -> 17075924 | AE24: =SUMIF('4_매출_거래처'!$C$54:$C$89,$A24,'4_매출_거래처'!AZ$54:AZ$89) -> 22028629 | AF24: =SUM(AA24:AE24) -> 57944884
A25: 일본 | C25: =SUMIF('4_매출_거래처'!$C$54:$C$89,$A25,'4_매출_거래처'!X$54:X$89) -> 0 | D25: =SUMIF('4_매출_거래처'!$C$54:$C$89,$A25,'4_매출_거래처'!Y$54:Y$89) -> 0 | E25: =SUMIF('4_매출_거래처'!$C$54:$C$89,$A25,'4_매출_거래처'!Z$54:Z$89) -> 0 | F25: =SUMIF('4_매출_거래처'!$C$54:$C$89,$A25,'4_매출_거래처'!AA$54:AA$89) -> 0 | G25: =SUMIF('4_매출_거래처'!$C$54:$C$89,$A25,'4_매출_거래처'!AB$54:AB$89) -> 0 | H25: =SUMIF('4_매출_거래처'!$C$54:$C$89,$A25,'4_매출_거래처'!AC$54:AC$89) -> 0 | I25: =SUMIF('4_매출_거래처'!$C$54:$C$89,$A25,'4_매출_거래처'!AD$54:AD$89) -> 0 | J25: =SUMIF('4_매출_거래처'!$C$54:$C$89,$A25,'4_매출_거래처'!AE$54:AE$89) -> 0 | ... Z25: =SUMIF('4_매출_거래처'!$C$54:$C$89,$A25,'4_매출_거래처'!AU$54:AU$89) -> 69167 | AA25: =SUM(C25:N25) -> 0 | AB25: =SUM(O25:Z25) -> 480000 | AC25: =SUMIF('4_매출_거래처'!$C$54:$C$89,$A25,'4_매출_거래처'!AX$54:AX$89) -> 9074868 | AD25: =SUMIF('4_매출_거래처'!$C$54:$C$89,$A25,'4_매출_거래처'!AY$54:AY$89) -> 29187988 | AE25: =SUMIF('4_매출_거래처'!$C$54:$C$89,$A25,'4_매출_거래처'!AZ$54:AZ$89) -> 60535685 | AF25: =SUM(AA25:AE25) -> 99278540
A26: 동남아·APAC | C26: =SUMIF('4_매출_거래처'!$C$54:$C$89,$A26,'4_매출_거래처'!X$54:X$89) -> 12879 | D26: =SUMIF('4_매출_거래처'!$C$54:$C$89,$A26,'4_매출_거래처'!Y$54:Y$89) -> 0 | E26: =SUMIF('4_매출_거래처'!$C$54:$C$89,$A26,'4_매출_거래처'!Z$54:Z$89) -> 35637 | F26: =SUMIF('4_매출_거래처'!$C$54:$C$89,$A26,'4_매출_거래처'!AA$54:AA$89) -> 0 | G26: =SUMIF('4_매출_거래처'!$C$54:$C$89,$A26,'4_매출_거래처'!AB$54:AB$89) -> 15004 | H26: =SUMIF('4_매출_거래처'!$C$54:$C$89,$A26,'4_매출_거래처'!AC$54:AC$89) -> 39233 | I26: =SUMIF('4_매출_거래처'!$C$54:$C$89,$A26,'4_매출_거래처'!AD$54:AD$89) -> 0 | J26: =SUMIF('4_매출_거래처'!$C$54:$C$89,$A26,'4_매출_거래처'!AE$54:AE$89) -> 0 | ... Z26: =SUMIF('4_매출_거래처'!$C$54:$C$89,$A26,'4_매출_거래처'!AU$54:AU$89) -> 240542 | AA26: =SUM(C26:N26) -> 404488 | AB26: =SUM(O26:Z26) -> 1792400 | AC26: =SUMIF('4_매출_거래처'!$C$54:$C$89,$A26,'4_매출_거래처'!AX$54:AX$89) -> 3851185.5 | AD26: =SUMIF('4_매출_거래처'!$C$54:$C$89,$A26,'4_매출_거래처'!AY$54:AY$89) -> 7310435.3 | AE26: =SUMIF('4_매출_거래처'!$C$54:$C$89,$A26,'4_매출_거래처'!AZ$54:AZ$89) -> 15200008 | AF26: =SUM(AA26:AE26) -> 28558517
A27: 인도 | C27: =SUMIF('4_매출_거래처'!$C$54:$C$89,$A27,'4_매출_거래처'!X$54:X$89) -> 0 | D27: =SUMIF('4_매출_거래처'!$C$54:$C$89,$A27,'4_매출_거래처'!Y$54:Y$89) -> 0 | E27: =SUMIF('4_매출_거래처'!$C$54:$C$89,$A27,'4_매출_거래처'!Z$54:Z$89) -> 0 | F27: =SUMIF('4_매출_거래처'!$C$54:$C$89,$A27,'4_매출_거래처'!AA$54:AA$89) -> 0 | G27: =SUMIF('4_매출_거래처'!$C$54:$C$89,$A27,'4_매출_거래처'!AB$54:AB$89) -> 0 | H27: =SUMIF('4_매출_거래처'!$C$54:$C$89,$A27,'4_매출_거래처'!AC$54:AC$89) -> 0 | I27: =SUMIF('4_매출_거래처'!$C$54:$C$89,$A27,'4_매출_거래처'!AD$54:AD$89) -> 0 | J27: =SUMIF('4_매출_거래처'!$C$54:$C$89,$A27,'4_매출_거래처'!AE$54:AE$89) -> 0 | ... Z27: =SUMIF('4_매출_거래처'!$C$54:$C$89,$A27,'4_매출_거래처'!AU$54:AU$89) -> 33586 | AA27: =SUM(C27:N27) -> 20000 | AB27: =SUM(O27:Z27) -> 200000 | AC27: =SUMIF('4_매출_거래처'!$C$54:$C$89,$A27,'4_매출_거래처'!AX$54:AX$89) -> 460000 | AD27: =SUMIF('4_매출_거래처'!$C$54:$C$89,$A27,'4_매출_거래처'!AY$54:AY$89) -> 1260000 | AE27: =SUMIF('4_매출_거래처'!$C$54:$C$89,$A27,'4_매출_거래처'!AZ$54:AZ$89) -> 2060000 | AF27: =SUM(AA27:AE27) -> 4000000
A28: 유럽 | C28: =SUMIF('4_매출_거래처'!$C$54:$C$89,$A28,'4_매출_거래처'!X$54:X$89) -> 0 | D28: =SUMIF('4_매출_거래처'!$C$54:$C$89,$A28,'4_매출_거래처'!Y$54:Y$89) -> 0 | E28: =SUMIF('4_매출_거래처'!$C$54:$C$89,$A28,'4_매출_거래처'!Z$54:Z$89) -> 6359 | F28: =SUMIF('4_매출_거래처'!$C$54:$C$89,$A28,'4_매출_거래처'!AA$54:AA$89) -> 0 | G28: =SUMIF('4_매출_거래처'!$C$54:$C$89,$A28,'4_매출_거래처'!AB$54:AB$89) -> 0 | H28: =SUMIF('4_매출_거래처'!$C$54:$C$89,$A28,'4_매출_거래처'!AC$54:AC$89) -> 0 | I28: =SUMIF('4_매출_거래처'!$C$54:$C$89,$A28,'4_매출_거래처'!AD$54:AD$89) -> 0 | J28: =SUMIF('4_매출_거래처'!$C$54:$C$89,$A28,'4_매출_거래처'!AE$54:AE$89) -> 0 | ... Z28: =SUMIF('4_매출_거래처'!$C$54:$C$89,$A28,'4_매출_거래처'!AU$54:AU$89) -> 114453 | AA28: =SUM(C28:N28) -> 119662 | AB28: =SUM(O28:Z28) -> 839760 | AC28: =SUMIF('4_매출_거래처'!$C$54:$C$89,$A28,'4_매출_거래처'!AX$54:AX$89) -> 1515892.2 | AD28: =SUMIF('4_매출_거래처'!$C$54:$C$89,$A28,'4_매출_거래처'!AY$54:AY$89) -> 6289124.5 | AE28: =SUMIF('4_매출_거래처'!$C$54:$C$89,$A28,'4_매출_거래처'!AZ$54:AZ$89) -> 13085224 | AF28: =SUM(AA28:AE28) -> 21849663
A29: 미국 | C29: =SUMIF('4_매출_거래처'!$C$54:$C$89,$A29,'4_매출_거래처'!X$54:X$89) -> 0 | D29: =SUMIF('4_매출_거래처'!$C$54:$C$89,$A29,'4_매출_거래처'!Y$54:Y$89) -> 0 | E29: =SUMIF('4_매출_거래처'!$C$54:$C$89,$A29,'4_매출_거래처'!Z$54:Z$89) -> 0 | F29: =SUMIF('4_매출_거래처'!$C$54:$C$89,$A29,'4_매출_거래처'!AA$54:AA$89) -> 0 | G29: =SUMIF('4_매출_거래처'!$C$54:$C$89,$A29,'4_매출_거래처'!AB$54:AB$89) -> 0 | H29: =SUMIF('4_매출_거래처'!$C$54:$C$89,$A29,'4_매출_거래처'!AC$54:AC$89) -> 0 | I29: =SUMIF('4_매출_거래처'!$C$54:$C$89,$A29,'4_매출_거래처'!AD$54:AD$89) -> 0 | J29: =SUMIF('4_매출_거래처'!$C$54:$C$89,$A29,'4_매출_거래처'!AE$54:AE$89) -> 0 | ... Z29: =SUMIF('4_매출_거래처'!$C$54:$C$89,$A29,'4_매출_거래처'!AU$54:AU$89) -> 16240 | AA29: =SUM(C29:N29) -> 0 | AB29: =SUM(O29:Z29) -> 162400 | AC29: =SUMIF('4_매출_거래처'!$C$54:$C$89,$A29,'4_매출_거래처'!AX$54:AX$89) -> 3707790.3 | AD29: =SUMIF('4_매출_거래처'!$C$54:$C$89,$A29,'4_매출_거래처'!AY$54:AY$89) -> 4676528.4 | AE29: =SUMIF('4_매출_거래처'!$C$54:$C$89,$A29,'4_매출_거래처'!AZ$54:AZ$89) -> 35290454 | AF29: =SUM(AA29:AE29) -> 43837172
A30: 글로벌(삼성채널) | C30: =SUMIF('4_매출_거래처'!$C$54:$C$89,$A30,'4_매출_거래처'!X$54:X$89) -> 0 | D30: =SUMIF('4_매출_거래처'!$C$54:$C$89,$A30,'4_매출_거래처'!Y$54:Y$89) -> 0 | E30: =SUMIF('4_매출_거래처'!$C$54:$C$89,$A30,'4_매출_거래처'!Z$54:Z$89) -> 0 | F30: =SUMIF('4_매출_거래처'!$C$54:$C$89,$A30,'4_매출_거래처'!AA$54:AA$89) -> 0 | G30: =SUMIF('4_매출_거래처'!$C$54:$C$89,$A30,'4_매출_거래처'!AB$54:AB$89) -> 0 | H30: =SUMIF('4_매출_거래처'!$C$54:$C$89,$A30,'4_매출_거래처'!AC$54:AC$89) -> 0 | I30: =SUMIF('4_매출_거래처'!$C$54:$C$89,$A30,'4_매출_거래처'!AD$54:AD$89) -> 0 | J30: =SUMIF('4_매출_거래처'!$C$54:$C$89,$A30,'4_매출_거래처'!AE$54:AE$89) -> 0 | ... Z30: =SUMIF('4_매출_거래처'!$C$54:$C$89,$A30,'4_매출_거래처'!AU$54:AU$89) -> 8120 | AA30: =SUM(C30:N30) -> 0 | AB30: =SUM(O30:Z30) -> 97440 | AC30: =SUMIF('4_매출_거래처'!$C$54:$C$89,$A30,'4_매출_거래처'!AX$54:AX$89) -> 2640000 | AD30: =SUMIF('4_매출_거래처'!$C$54:$C$89,$A30,'4_매출_거래처'!AY$54:AY$89) -> 4200000 | AE30: =SUMIF('4_매출_거래처'!$C$54:$C$89,$A30,'4_매출_거래처'!AZ$54:AZ$89) -> 7800000 | AF30: =SUM(AA30:AE30) -> 14737440
A31: 지역 합계 | C31: =SUM(C24:C30) -> 47067 | D31: =SUM(D24:D30) -> 36140 | E31: =SUM(E24:E30) -> 56454 | F31: =SUM(F24:F30) -> 10935 | G31: =SUM(G24:G30) -> 22317 | H31: =SUM(H24:H30) -> 51453 | I31: =SUM(I24:I30) -> 13314 | J31: =SUM(J24:J30) -> 7926 | ... AF31: =SUM(AF24:AF30) -> 270206217
A32: 검증: 지역 합계 − 제품 합계(0이어야 함) | C32: =C31-C15 -> 0 | D32: =D31-D15 -> 0 | E32: =E31-E15 -> 0 | F32: =F31-F15 -> 0 | G32: =G31-G15 -> 0 | H32: =H31-H15 -> 0 | I32: =I31-I15 -> 0 | J32: =J31-J15 -> 0 | ... AF32: =AF31-AF15 -> 0
A34: D. 채널(거래형태)별 매출
A35: 온라인·B2C | C35: =SUMIF('4_매출_거래처'!$F$54:$F$89,$A35,'4_매출_거래처'!X$54:X$89) -> 24382 | D35: =SUMIF('4_매출_거래처'!$F$54:$F$89,$A35,'4_매출_거래처'!Y$54:Y$89) -> 32161 | E35: =SUMIF('4_매출_거래처'!$F$54:$F$89,$A35,'4_매출_거래처'!Z$54:Z$89) -> 12448 | F35: =SUMIF('4_매출_거래처'!$F$54:$F$89,$A35,'4_매출_거래처'!AA$54:AA$89) -> 10935 | G35: =SUMIF('4_매출_거래처'!$F$54:$F$89,$A35,'4_매출_거래처'!AB$54:AB$89) -> 7313 | H35: =SUMIF('4_매출_거래처'!$F$54:$F$89,$A35,'4_매출_거래처'!AC$54:AC$89) -> 12220 | I35: =SUMIF('4_매출_거래처'!$F$54:$F$89,$A35,'4_매출_거래처'!AD$54:AD$89) -> 12672 | J35: =SUMIF('4_매출_거래처'!$F$54:$F$89,$A35,'4_매출_거래처'!AE$54:AE$89) -> 7697 | ... Z35: =SUMIF('4_매출_거래처'!$F$54:$F$89,$A35,'4_매출_거래처'!AU$54:AU$89) -> 134000 | AA35: =SUM(C35:N35) -> 183451 | AB35: =SUM(O35:Z35) -> 1056000 | AC35: =SUMIF('4_매출_거래처'!$F$54:$F$89,$A35,'4_매출_거래처'!AX$54:AX$89) -> 1417200 | AD35: =SUMIF('4_매출_거래처'!$F$54:$F$89,$A35,'4_매출_거래처'!AY$54:AY$89) -> 1677180 | AE35: =SUMIF('4_매출_거래처'!$F$54:$F$89,$A35,'4_매출_거래처'!AZ$54:AZ$89) -> 1870581.6 | AF35: =SUM(AA35:AE35) -> 6204412.6
A36: 국내 B2B | C36: =SUMIF('4_매출_거래처'!$F$54:$F$89,$A36,'4_매출_거래처'!X$54:X$89) -> 0 | D36: =SUMIF('4_매출_거래처'!$F$54:$F$89,$A36,'4_매출_거래처'!Y$54:Y$89) -> 0 | E36: =SUMIF('4_매출_거래처'!$F$54:$F$89,$A36,'4_매출_거래처'!Z$54:Z$89) -> 0 | F36: =SUMIF('4_매출_거래처'!$F$54:$F$89,$A36,'4_매출_거래처'!AA$54:AA$89) -> 0 | G36: =SUMIF('4_매출_거래처'!$F$54:$F$89,$A36,'4_매출_거래처'!AB$54:AB$89) -> 0 | H36: =SUMIF('4_매출_거래처'!$F$54:$F$89,$A36,'4_매출_거래처'!AC$54:AC$89) -> 0 | I36: =SUMIF('4_매출_거래처'!$F$54:$F$89,$A36,'4_매출_거래처'!AD$54:AD$89) -> 642 | J36: =SUMIF('4_매출_거래처'!$F$54:$F$89,$A36,'4_매출_거래처'!AE$54:AE$89) -> 229 | ... Z36: =SUMIF('4_매출_거래처'!$F$54:$F$89,$A36,'4_매출_거래처'!AU$54:AU$89) -> 38923 | AA36: =SUM(C36:N36) -> 14821 | AB36: =SUM(O36:Z36) -> 340000 | AC36: =SUMIF('4_매출_거래처'!$F$54:$F$89,$A36,'4_매출_거래처'!AX$54:AX$89) -> 428000 | AD36: =SUMIF('4_매출_거래처'!$F$54:$F$89,$A36,'4_매출_거래처'!AY$54:AY$89) -> 489600 | AE36: =SUMIF('4_매출_거래처'!$F$54:$F$89,$A36,'4_매출_거래처'!AZ$54:AZ$89) -> 533952 | AF36: =SUM(AA36:AE36) -> 1806373
A37: 총판 | C37: =SUMIF('4_매출_거래처'!$F$54:$F$89,$A37,'4_매출_거래처'!X$54:X$89) -> 12879 | D37: =SUMIF('4_매출_거래처'!$F$54:$F$89,$A37,'4_매출_거래처'!Y$54:Y$89) -> 0 | E37: =SUMIF('4_매출_거래처'!$F$54:$F$89,$A37,'4_매출_거래처'!Z$54:Z$89) -> 41996 | F37: =SUMIF('4_매출_거래처'!$F$54:$F$89,$A37,'4_매출_거래처'!AA$54:AA$89) -> 0 | G37: =SUMIF('4_매출_거래처'!$F$54:$F$89,$A37,'4_매출_거래처'!AB$54:AB$89) -> 15004 | H37: =SUMIF('4_매출_거래처'!$F$54:$F$89,$A37,'4_매출_거래처'!AC$54:AC$89) -> 39233 | I37: =SUMIF('4_매출_거래처'!$F$54:$F$89,$A37,'4_매출_거래처'!AD$54:AD$89) -> 0 | J37: =SUMIF('4_매출_거래처'!$F$54:$F$89,$A37,'4_매출_거래처'!AE$54:AE$89) -> 0 | ... Z37: =SUMIF('4_매출_거래처'!$F$54:$F$89,$A37,'4_매출_거래처'!AU$54:AU$89) -> 503729 | AA37: =SUM(C37:N37) -> 371143 | AB37: =SUM(O37:Z37) -> 3936200 | AC37: =SUMIF('4_매출_거래처'!$F$54:$F$89,$A37,'4_매출_거래처'!AX$54:AX$89) -> 9971528 | AD37: =SUMIF('4_매출_거래처'!$F$54:$F$89,$A37,'4_매출_거래처'!AY$54:AY$89) -> 17912438 | AE37: =SUMIF('4_매출_거래처'!$F$54:$F$89,$A37,'4_매출_거래처'!AZ$54:AZ$89) -> 25987755 | AF37: =SUM(AA37:AE37) -> 58179064
A38: B2G·제도 | C38: =SUMIF('4_매출_거래처'!$F$54:$F$89,$A38,'4_매출_거래처'!X$54:X$89) -> 9806 | D38: =SUMIF('4_매출_거래처'!$F$54:$F$89,$A38,'4_매출_거래처'!Y$54:Y$89) -> 3979 | E38: =SUMIF('4_매출_거래처'!$F$54:$F$89,$A38,'4_매출_거래처'!Z$54:Z$89) -> 2010 | F38: =SUMIF('4_매출_거래처'!$F$54:$F$89,$A38,'4_매출_거래처'!AA$54:AA$89) -> 0 | G38: =SUMIF('4_매출_거래처'!$F$54:$F$89,$A38,'4_매출_거래처'!AB$54:AB$89) -> 0 | H38: =SUMIF('4_매출_거래처'!$F$54:$F$89,$A38,'4_매출_거래처'!AC$54:AC$89) -> 0 | I38: =SUMIF('4_매출_거래처'!$F$54:$F$89,$A38,'4_매출_거래처'!AD$54:AD$89) -> 0 | J38: =SUMIF('4_매출_거래처'!$F$54:$F$89,$A38,'4_매출_거래처'!AE$54:AE$89) -> 0 | ... Z38: =SUMIF('4_매출_거래처'!$F$54:$F$89,$A38,'4_매출_거래처'!AU$54:AU$89) -> 46567 | AA38: =SUM(C38:N38) -> 15795 | AB38: =SUM(O38:Z38) -> 420000 | AC38: =SUMIF('4_매출_거래처'!$F$54:$F$89,$A38,'4_매출_거래처'!AX$54:AX$89) -> 1284000 | AD38: =SUMIF('4_매출_거래처'!$F$54:$F$89,$A38,'4_매출_거래처'!AY$54:AY$89) -> 2413200 | AE38: =SUMIF('4_매출_거래처'!$F$54:$F$89,$A38,'4_매출_거래처'!AZ$54:AZ$89) -> 3675408 | AF38: =SUM(AA38:AE38) -> 7808403
A39: 파트너 | C39: =SUMIF('4_매출_거래처'!$F$54:$F$89,$A39,'4_매출_거래처'!X$54:X$89) -> 0 | D39: =SUMIF('4_매출_거래처'!$F$54:$F$89,$A39,'4_매출_거래처'!Y$54:Y$89) -> 0 | E39: =SUMIF('4_매출_거래처'!$F$54:$F$89,$A39,'4_매출_거래처'!Z$54:Z$89) -> 0 | F39: =SUMIF('4_매출_거래처'!$F$54:$F$89,$A39,'4_매출_거래처'!AA$54:AA$89) -> 0 | G39: =SUMIF('4_매출_거래처'!$F$54:$F$89,$A39,'4_매출_거래처'!AB$54:AB$89) -> 0 | H39: =SUMIF('4_매출_거래처'!$F$54:$F$89,$A39,'4_매출_거래처'!AC$54:AC$89) -> 0 | I39: =SUMIF('4_매출_거래처'!$F$54:$F$89,$A39,'4_매출_거래처'!AD$54:AD$89) -> 0 | J39: =SUMIF('4_매출_거래처'!$F$54:$F$89,$A39,'4_매출_거래처'!AE$54:AE$89) -> 0 | ... Z39: =SUMIF('4_매출_거래처'!$F$54:$F$89,$A39,'4_매출_거래처'!AU$54:AU$89) -> 228120 | AA39: =SUM(C39:N39) -> 360000 | AB39: =SUM(O39:Z39) -> 2737440 | AC39: =SUMIF('4_매출_거래처'!$F$54:$F$89,$A39,'4_매출_거래처'!AX$54:AX$89) -> 6969600 | AD39: =SUMIF('4_매출_거래처'!$F$54:$F$89,$A39,'4_매출_거래처'!AY$54:AY$89) -> 9828480 | AE39: =SUMIF('4_매출_거래처'!$F$54:$F$89,$A39,'4_매출_거래처'!AZ$54:AZ$89) -> 14554176 | AF39: =SUM(AA39:AE39) -> 34449696
A40: 기관(직접) | C40: =SUMIF('4_매출_거래처'!$F$54:$F$89,$A40,'4_매출_거래처'!X$54:X$89) -> 0 | D40: =SUMIF('4_매출_거래처'!$F$54:$F$89,$A40,'4_매출_거래처'!Y$54:Y$89) -> 0 | E40: =SUMIF('4_매출_거래처'!$F$54:$F$89,$A40,'4_매출_거래처'!Z$54:Z$89) -> 0 | F40: =SUMIF('4_매출_거래처'!$F$54:$F$89,$A40,'4_매출_거래처'!AA$54:AA$89) -> 0 | G40: =SUMIF('4_매출_거래처'!$F$54:$F$89,$A40,'4_매출_거래처'!AB$54:AB$89) -> 0 | H40: =SUMIF('4_매출_거래처'!$F$54:$F$89,$A40,'4_매출_거래처'!AC$54:AC$89) -> 0 | I40: =SUMIF('4_매출_거래처'!$F$54:$F$89,$A40,'4_매출_거래처'!AD$54:AD$89) -> 0 | J40: =SUMIF('4_매출_거래처'!$F$54:$F$89,$A40,'4_매출_거래처'!AE$54:AE$89) -> 0 | ... Z40: =SUMIF('4_매출_거래처'!$F$54:$F$89,$A40,'4_매출_거래처'!AU$54:AU$89) -> 94214 | AA40: =SUM(C40:N40) -> 256007 | AB40: =SUM(O40:Z40) -> 740800 | AC40: =SUMIF('4_매출_거래처'!$F$54:$F$89,$A40,'4_매출_거래처'!AX$54:AX$89) -> 1251136 | AD40: =SUMIF('4_매출_거래처'!$F$54:$F$89,$A40,'4_매출_거래처'!AY$54:AY$89) -> 1767906.4 | AE40: =SUMIF('4_매출_거래처'!$F$54:$F$89,$A40,'4_매출_거래처'!AZ$54:AZ$89) -> 2269978.9 | AF40: =SUM(AA40:AE40) -> 6285828.3
A41: 신규 파이프라인 | C41: =SUMIF('4_매출_거래처'!$F$54:$F$89,$A41,'4_매출_거래처'!X$54:X$89) -> 0 | D41: =SUMIF('4_매출_거래처'!$F$54:$F$89,$A41,'4_매출_거래처'!Y$54:Y$89) -> 0 | E41: =SUMIF('4_매출_거래처'!$F$54:$F$89,$A41,'4_매출_거래처'!Z$54:Z$89) -> 0 | F41: =SUMIF('4_매출_거래처'!$F$54:$F$89,$A41,'4_매출_거래처'!AA$54:AA$89) -> 0 | G41: =SUMIF('4_매출_거래처'!$F$54:$F$89,$A41,'4_매출_거래처'!AB$54:AB$89) -> 0 | H41: =SUMIF('4_매출_거래처'!$F$54:$F$89,$A41,'4_매출_거래처'!AC$54:AC$89) -> 0 | I41: =SUMIF('4_매출_거래처'!$F$54:$F$89,$A41,'4_매출_거래처'!AD$54:AD$89) -> 0 | J41: =SUMIF('4_매출_거래처'!$F$54:$F$89,$A41,'4_매출_거래처'!AE$54:AE$89) -> 0 | ... Z41: =SUMIF('4_매출_거래처'!$F$54:$F$89,$A41,'4_매출_거래처'!AU$54:AU$89) -> 81200 | AA41: =SUM(C41:N41) -> 0 | AB41: =SUM(O41:Z41) -> 714560 | AC41: =SUMIF('4_매출_거래처'!$F$54:$F$89,$A41,'4_매출_거래처'!AX$54:AX$89) -> 11618536 | AD41: =SUMIF('4_매출_거래처'!$F$54:$F$89,$A41,'4_매출_거래처'!AY$54:AY$89) -> 35851196 | AE41: =SUMIF('4_매출_거래처'!$F$54:$F$89,$A41,'4_매출_거래처'!AZ$54:AZ$89) -> 1.0704815e+08 | AF41: =SUM(AA41:AE41) -> 1.5523244e+08
A42: 기타 | C42: =SUMIF('4_매출_거래처'!$F$54:$F$89,$A42,'4_매출_거래처'!X$54:X$89) -> 0 | D42: =SUMIF('4_매출_거래처'!$F$54:$F$89,$A42,'4_매출_거래처'!Y$54:Y$89) -> 0 | E42: =SUMIF('4_매출_거래처'!$F$54:$F$89,$A42,'4_매출_거래처'!Z$54:Z$89) -> 0 | F42: =SUMIF('4_매출_거래처'!$F$54:$F$89,$A42,'4_매출_거래처'!AA$54:AA$89) -> 0 | G42: =SUMIF('4_매출_거래처'!$F$54:$F$89,$A42,'4_매출_거래처'!AB$54:AB$89) -> 0 | H42: =SUMIF('4_매출_거래처'!$F$54:$F$89,$A42,'4_매출_거래처'!AC$54:AC$89) -> 0 | I42: =SUMIF('4_매출_거래처'!$F$54:$F$89,$A42,'4_매출_거래처'!AD$54:AD$89) -> 0 | J42: =SUMIF('4_매출_거래처'!$F$54:$F$89,$A42,'4_매출_거래처'!AE$54:AE$89) -> 0 | ... Z42: =SUMIF('4_매출_거래처'!$F$54:$F$89,$A42,'4_매출_거래처'!AU$54:AU$89) -> 14302 | AA42: =SUM(C42:N42) -> 0 | AB42: =SUM(O42:Z42) -> 60000 | AC42: =SUMIF('4_매출_거래처'!$F$54:$F$89,$A42,'4_매출_거래처'!AX$54:AX$89) -> 60000 | AD42: =SUMIF('4_매출_거래처'!$F$54:$F$89,$A42,'4_매출_거래처'!AY$54:AY$89) -> 60000 | AE42: =SUMIF('4_매출_거래처'!$F$54:$F$89,$A42,'4_매출_거래처'!AZ$54:AZ$89) -> 60000 | AF42: =SUM(AA42:AE42) -> 240000
A43: 채널 합계 | C43: =SUM(C35:C42) -> 47067 | D43: =SUM(D35:D42) -> 36140 | E43: =SUM(E35:E42) -> 56454 | F43: =SUM(F35:F42) -> 10935 | G43: =SUM(G35:G42) -> 22317 | H43: =SUM(H35:H42) -> 51453 | I43: =SUM(I35:I42) -> 13314 | J43: =SUM(J35:J42) -> 7926 | ... AF43: =SUM(AF35:AF42) -> 270206217
A44: 검증: 채널 합계 − 제품 합계(0이어야 함) | C44: =C43-C15 -> 0 | D44: =D43-D15 -> 0 | E44: =E43-E15 -> 0 | F44: =F43-F15 -> 0 | G44: =G43-G15 -> 0 | H44: =H43-H15 -> 0 | I44: =I43-I15 -> 0 | J44: =J43-J15 -> 0 | ... AF44: =AF43-AF15 -> 0
A46: E. 근거수준별 매출
A47: A 계약·기존 거래 | C47: =SUMIF('4_매출_거래처'!$H$54:$H$89,$A47,'4_매출_거래처'!X$54:X$89) -> 37261 | D47: =SUMIF('4_매출_거래처'!$H$54:$H$89,$A47,'4_매출_거래처'!Y$54:Y$89) -> 32161 | E47: =SUMIF('4_매출_거래처'!$H$54:$H$89,$A47,'4_매출_거래처'!Z$54:Z$89) -> 54444 | F47: =SUMIF('4_매출_거래처'!$H$54:$H$89,$A47,'4_매출_거래처'!AA$54:AA$89) -> 10935 | G47: =SUMIF('4_매출_거래처'!$H$54:$H$89,$A47,'4_매출_거래처'!AB$54:AB$89) -> 22317 | H47: =SUMIF('4_매출_거래처'!$H$54:$H$89,$A47,'4_매출_거래처'!AC$54:AC$89) -> 51453 | I47: =SUMIF('4_매출_거래처'!$H$54:$H$89,$A47,'4_매출_거래처'!AD$54:AD$89) -> 13314 | J47: =SUMIF('4_매출_거래처'!$H$54:$H$89,$A47,'4_매출_거래처'!AE$54:AE$89) -> 7926 | ... Z47: =SUMIF('4_매출_거래처'!$H$54:$H$89,$A47,'4_매출_거래처'!AU$54:AU$89) -> 631958 | AA47: =SUM(C47:N47) -> 863265 | AB47: =SUM(O47:Z47) -> 5716800 | AC47: =SUMIF('4_매출_거래처'!$H$54:$H$89,$A47,'4_매출_거래처'!AX$54:AX$89) -> 10033136 | AD47: =SUMIF('4_매출_거래처'!$H$54:$H$89,$A47,'4_매출_거래처'!AY$54:AY$89) -> 14422446 | AE47: =SUMIF('4_매출_거래처'!$H$54:$H$89,$A47,'4_매출_거래처'!AZ$54:AZ$89) -> 18698951 | AF47: =SUM(AA47:AE47) -> 49734598
A48: B 등록·입찰·협의 단계 | C48: =SUMIF('4_매출_거래처'!$H$54:$H$89,$A48,'4_매출_거래처'!X$54:X$89) -> 9806 | D48: =SUMIF('4_매출_거래처'!$H$54:$H$89,$A48,'4_매출_거래처'!Y$54:Y$89) -> 3979 | E48: =SUMIF('4_매출_거래처'!$H$54:$H$89,$A48,'4_매출_거래처'!Z$54:Z$89) -> 2010 | F48: =SUMIF('4_매출_거래처'!$H$54:$H$89,$A48,'4_매출_거래처'!AA$54:AA$89) -> 0 | G48: =SUMIF('4_매출_거래처'!$H$54:$H$89,$A48,'4_매출_거래처'!AB$54:AB$89) -> 0 | H48: =SUMIF('4_매출_거래처'!$H$54:$H$89,$A48,'4_매출_거래처'!AC$54:AC$89) -> 0 | I48: =SUMIF('4_매출_거래처'!$H$54:$H$89,$A48,'4_매출_거래처'!AD$54:AD$89) -> 0 | J48: =SUMIF('4_매출_거래처'!$H$54:$H$89,$A48,'4_매출_거래처'!AE$54:AE$89) -> 0 | ... Z48: =SUMIF('4_매출_거래처'!$H$54:$H$89,$A48,'4_매출_거래처'!AU$54:AU$89) -> 419777 | AA48: =SUM(C48:N48) -> 337952 | AB48: =SUM(O48:Z48) -> 3476200 | AC48: =SUMIF('4_매출_거래처'!$H$54:$H$89,$A48,'4_매출_거래처'!AX$54:AX$89) -> 8708328 | AD48: =SUMIF('4_매출_거래처'!$H$54:$H$89,$A48,'4_매출_거래처'!AY$54:AY$89) -> 15526358 | AE48: =SUMIF('4_매출_거래처'!$H$54:$H$89,$A48,'4_매출_거래처'!AZ$54:AZ$89) -> 22452901 | AF48: =SUM(AA48:AE48) -> 50501738
A49: C 신규 파이프라인(미확정) | C49: =SUMIF('4_매출_거래처'!$H$54:$H$89,$A49,'4_매출_거래처'!X$54:X$89) -> 0 | D49: =SUMIF('4_매출_거래처'!$H$54:$H$89,$A49,'4_매출_거래처'!Y$54:Y$89) -> 0 | E49: =SUMIF('4_매출_거래처'!$H$54:$H$89,$A49,'4_매출_거래처'!Z$54:Z$89) -> 0 | F49: =SUMIF('4_매출_거래처'!$H$54:$H$89,$A49,'4_매출_거래처'!AA$54:AA$89) -> 0 | G49: =SUMIF('4_매출_거래처'!$H$54:$H$89,$A49,'4_매출_거래처'!AB$54:AB$89) -> 0 | H49: =SUMIF('4_매출_거래처'!$H$54:$H$89,$A49,'4_매출_거래처'!AC$54:AC$89) -> 0 | I49: =SUMIF('4_매출_거래처'!$H$54:$H$89,$A49,'4_매출_거래처'!AD$54:AD$89) -> 0 | J49: =SUMIF('4_매출_거래처'!$H$54:$H$89,$A49,'4_매출_거래처'!AE$54:AE$89) -> 0 | ... Z49: =SUMIF('4_매출_거래처'!$H$54:$H$89,$A49,'4_매출_거래처'!AU$54:AU$89) -> 89320 | AA49: =SUM(C49:N49) -> 0 | AB49: =SUM(O49:Z49) -> 812000 | AC49: =SUMIF('4_매출_거래처'!$H$54:$H$89,$A49,'4_매출_거래처'!AX$54:AX$89) -> 14258536 | AD49: =SUMIF('4_매출_거래처'!$H$54:$H$89,$A49,'4_매출_거래처'!AY$54:AY$89) -> 40051196 | AE49: =SUMIF('4_매출_거래처'!$H$54:$H$89,$A49,'4_매출_거래처'!AZ$54:AZ$89) -> 1.1484815e+08 | AF49: =SUM(AA49:AE49) -> 1.6996988e+08
A50: 근거수준 합계 | C50: =SUM(C47:C49) -> 47067 | D50: =SUM(D47:D49) -> 36140 | E50: =SUM(E47:E49) -> 56454 | F50: =SUM(F47:F49) -> 10935 | G50: =SUM(G47:G49) -> 22317 | H50: =SUM(H47:H49) -> 51453 | I50: =SUM(I47:I49) -> 13314 | J50: =SUM(J47:J49) -> 7926 | ... AF50: =SUM(AF47:AF49) -> 270206217
A51: 검증: 근거수준 합계 − 제품 합계(0이어야 함) | C51: =C50-C15 -> 0 | D51: =D50-D15 -> 0 | E51: =E50-E15 -> 0 | F51: =F50-F15 -> 0 | G51: =G50-G15 -> 0 | H51: =H50-H15 -> 0 | I51: =I50-I15 -> 0 | J51: =J50-J15 -> 0 | ... AF51: =AF50-AF15 -> 0
A52: 비중 — A 계약·기존 거래 | C52: =IFERROR(C47/C50,0) -> 0.7916587 | D52: =IFERROR(D47/D50,0) -> 0.88990039 | E52: =IFERROR(E47/E50,0) -> 0.96439579 | F52: =IFERROR(F47/F50,0) -> 1 | G52: =IFERROR(G47/G50,0) -> 1 | H52: =IFERROR(H47/H50,0) -> 1 | I52: =IFERROR(I47/I50,0) -> 1 | J52: =IFERROR(J47/J50,0) -> 1 | ... AF52: =IFERROR(AF47/AF50,0) -> 0.18406164
A53: 비중 — B 등록·입찰·협의 단계 | C53: =IFERROR(C48/C50,0) -> 0.2083413 | D53: =IFERROR(D48/D50,0) -> 0.11009961 | E53: =IFERROR(E48/E50,0) -> 0.035604209 | F53: =IFERROR(F48/F50,0) -> 0 | G53: =IFERROR(G48/G50,0) -> 0 | H53: =IFERROR(H48/H50,0) -> 0 | I53: =IFERROR(I48/I50,0) -> 0 | J53: =IFERROR(J48/J50,0) -> 0 | ... AF53: =IFERROR(AF48/AF50,0) -> 0.18690073
A54: 비중 — C 신규 파이프라인(미확정) | C54: =IFERROR(C49/C50,0) -> 0 | D54: =IFERROR(D49/D50,0) -> 0 | E54: =IFERROR(E49/E50,0) -> 0 | F54: =IFERROR(F49/F50,0) -> 0 | G54: =IFERROR(G49/G50,0) -> 0 | H54: =IFERROR(H49/H50,0) -> 0 | I54: =IFERROR(I49/I50,0) -> 0 | J54: =IFERROR(J49/J50,0) -> 0 | ... AF54: =IFERROR(AF49/AF50,0) -> 0.62903764
A56: F. 구독형 KPI(추정)
A57: 구독형 매출(P1+P2+P3) | C57: =SUM(C9:C11) -> 47067 | D57: =SUM(D9:D11) -> 36140 | E57: =SUM(E9:E11) -> 56454 | F57: =SUM(F9:F11) -> 10935 | G57: =SUM(G9:G11) -> 22317 | H57: =SUM(H9:H11) -> 51453 | I57: =SUM(I9:I11) -> 13314 | J57: =SUM(J9:J11) -> 7926 | ... AF57: =SUM(AF9:AF11) -> 2.2744527e+08
A58: 추정 유료 이용자(명, 평균) = 구독형 매출 ÷ ARPU | C58: =C57*12/'8_가정'!$C$11 -> 470.67 | D58: =D57*12/'8_가정'!$C$11 -> 361.4 | E58: =E57*12/'8_가정'!$C$11 -> 564.54 | F58: =F57*12/'8_가정'!$C$11 -> 109.35 | G58: =G57*12/'8_가정'!$C$11 -> 223.17 | H58: =H57*12/'8_가정'!$C$11 -> 514.53 | I58: =I57*12/'8_가정'!$C$11 -> 133.14 | J58: =J57*12/'8_가정'!$C$11 -> 79.26 | ... Z58: =Z57*12/'8_가정'!$C$11 -> 10664.062 | AA58: =AA57/'8_가정'!$C$11 -> 934.68621 | AB58: =AB57/'8_가정'!$C$11 -> 7856.9 | AC58: =AC57/'8_가정'!$C$11 -> 24986.21 | AD58: =AD57/'8_가정'!$C$11 -> 50165.52 | AE58: =AE57/'8_가정'!$C$11 -> 105594.41
A60: G. 카테고리 × 제품별 매출 (2_손익계산서 매출 구조)
A61: 베이비 — 스마트 기저귀(전용 기저귀·패드, 소모품) | B61: P1 | C61: =SUMPRODUCT(('4_매출_거래처'!$E$54:$E$89="베이비")*'4_매출_거래처'!X$54:X$89*$C$80:$C$115) -> 6577.3 | D61: =SUMPRODUCT(('4_매출_거래처'!$E$54:$E$89="베이비")*'4_매출_거래처'!Y$54:Y$89*$C$80:$C$115) -> 8133.65 | E61: =SUMPRODUCT(('4_매출_거래처'!$E$54:$E$89="베이비")*'4_매출_거래처'!Z$54:Z$89*$C$80:$C$115) -> 28057.65 | F61: =SUMPRODUCT(('4_매출_거래처'!$E$54:$E$89="베이비")*'4_매출_거래처'!AA$54:AA$89*$C$80:$C$115) -> 8882.5 | G61: =SUMPRODUCT(('4_매출_거래처'!$E$54:$E$89="베이비")*'4_매출_거래처'!AB$54:AB$89*$C$80:$C$115) -> 18120.3 | H61: =SUMPRODUCT(('4_매출_거래처'!$E$54:$E$89="베이비")*'4_매출_거래처'!AC$54:AC$89*$C$80:$C$115) -> 42806.85 | I61: =SUMPRODUCT(('4_매출_거래처'!$E$54:$E$89="베이비")*'4_매출_거래처'!AD$54:AD$89*$C$80:$C$115) -> 9886.35 | J61: =SUMPRODUCT(('4_매출_거래처'!$E$54:$E$89="베이비")*'4_매출_거래처'!AE$54:AE$89*$C$80:$C$115) -> 6153.15 | ... N61: =SUMPRODUCT(('4_매출_거래처'!$E$54:$E$89="베이비")*'4_매출_거래처'!AI$54:AI$89*$C$80:$C$115) -> 32895 | O61: =SUMPRODUCT(('4_매출_거래처'!$E$54:$E$89="베이비")*'4_매출_거래처'!AJ$54:AJ$89*$D$80:$D$115) -> 140317.15 | P61: =SUMPRODUCT(('4_매출_거래처'!$E$54:$E$89="베이비")*'4_매출_거래처'!AK$54:AK$89*$D$80:$D$115) -> 128703.6 | Q61: =SUMPRODUCT(('4_매출_거래처'!$E$54:$E$89="베이비")*'4_매출_거래처'!AL$54:AL$89*$D$80:$D$115) -> 136294.95 | R61: =SUMPRODUCT(('4_매출_거래처'!$E$54:$E$89="베이비")*'4_매출_거래처'!AM$54:AM$89*$D$80:$D$115) -> 151938.35 | S61: =SUMPRODUCT(('4_매출_거래처'!$E$54:$E$89="베이비")*'4_매출_거래처'!AN$54:AN$89*$D$80:$D$115) -> 155111.4 | T61: =SUMPRODUCT(('4_매출_거래처'!$E$54:$E$89="베이비")*'4_매출_거래처'!AO$54:AO$89*$D$80:$D$115) -> 158590.45 | U61: =SUMPRODUCT(('4_매출_거래처'!$E$54:$E$89="베이비")*'4_매출_거래처'!AP$54:AP$89*$D$80:$D$115) -> 186203.55 | V61: =SUMPRODUCT(('4_매출_거래처'!$E$54:$E$89="베이비")*'4_매출_거래처'!AQ$54:AQ$89*$D$80:$D$115) -> 190383.85 | ... Z61: =SUMPRODUCT(('4_매출_거래처'!$E$54:$E$89="베이비")*'4_매출_거래처'!AU$54:AU$89*$D$80:$D$115) -> 225143.75 | AA61: =SUM(C61:N61) -> 199361.55 | AB61: =SUM(O61:Z61) -> 2100350 | AC61: =SUMPRODUCT(('4_매출_거래처'!$E$54:$E$89="베이비")*'4_매출_거래처'!AX$54:AX$89*$E$80:$E$115) -> 3593290 | AD61: =SUMPRODUCT(('4_매출_거래처'!$E$54:$E$89="베이비")*'4_매출_거래처'!AY$54:AY$89*$F$80:$F$115) -> 5009628 | AE61: =SUMPRODUCT(('4_매출_거래처'!$E$54:$E$89="베이비")*'4_매출_거래처'!AZ$54:AZ$89*$G$80:$G$115) -> 6357586.6 | AF61: =SUM(AA61:AE61) -> 17260216
A62: 베이비 — 센서·BLE 게이트웨이(하드웨어) | B62: P2 | C62: =SUMPRODUCT(('4_매출_거래처'!$E$54:$E$89="베이비")*'4_매출_거래처'!X$54:X$89*$H$80:$H$115) -> 386.9 | D62: =SUMPRODUCT(('4_매출_거래처'!$E$54:$E$89="베이비")*'4_매출_거래처'!Y$54:Y$89*$H$80:$H$115) -> 478.45 | E62: =SUMPRODUCT(('4_매출_거래처'!$E$54:$E$89="베이비")*'4_매출_거래처'!Z$54:Z$89*$H$80:$H$115) -> 1650.45 | F62: =SUMPRODUCT(('4_매출_거래처'!$E$54:$E$89="베이비")*'4_매출_거래처'!AA$54:AA$89*$H$80:$H$115) -> 522.5 | G62: =SUMPRODUCT(('4_매출_거래처'!$E$54:$E$89="베이비")*'4_매출_거래처'!AB$54:AB$89*$H$80:$H$115) -> 1065.9 | H62: =SUMPRODUCT(('4_매출_거래처'!$E$54:$E$89="베이비")*'4_매출_거래처'!AC$54:AC$89*$H$80:$H$115) -> 2518.05 | I62: =SUMPRODUCT(('4_매출_거래처'!$E$54:$E$89="베이비")*'4_매출_거래처'!AD$54:AD$89*$H$80:$H$115) -> 581.55 | J62: =SUMPRODUCT(('4_매출_거래처'!$E$54:$E$89="베이비")*'4_매출_거래처'!AE$54:AE$89*$H$80:$H$115) -> 361.95 | ... N62: =SUMPRODUCT(('4_매출_거래처'!$E$54:$E$89="베이비")*'4_매출_거래처'!AI$54:AI$89*$H$80:$H$115) -> 1935 | O62: =SUMPRODUCT(('4_매출_거래처'!$E$54:$E$89="베이비")*'4_매출_거래처'!AJ$54:AJ$89*$I$80:$I$115) -> 8253.95 | P62: =SUMPRODUCT(('4_매출_거래처'!$E$54:$E$89="베이비")*'4_매출_거래처'!AK$54:AK$89*$I$80:$I$115) -> 7570.8 | Q62: =SUMPRODUCT(('4_매출_거래처'!$E$54:$E$89="베이비")*'4_매출_거래처'!AL$54:AL$89*$I$80:$I$115) -> 8017.35 | R62: =SUMPRODUCT(('4_매출_거래처'!$E$54:$E$89="베이비")*'4_매출_거래처'!AM$54:AM$89*$I$80:$I$115) -> 8937.55 | S62: =SUMPRODUCT(('4_매출_거래처'!$E$54:$E$89="베이비")*'4_매출_거래처'!AN$54:AN$89*$I$80:$I$115) -> 9124.2 | T62: =SUMPRODUCT(('4_매출_거래처'!$E$54:$E$89="베이비")*'4_매출_거래처'!AO$54:AO$89*$I$80:$I$115) -> 9328.85 | U62: =SUMPRODUCT(('4_매출_거래처'!$E$54:$E$89="베이비")*'4_매출_거래처'!AP$54:AP$89*$I$80:$I$115) -> 10953.15 | V62: =SUMPRODUCT(('4_매출_거래처'!$E$54:$E$89="베이비")*'4_매출_거래처'!AQ$54:AQ$89*$I$80:$I$115) -> 11199.05 | ... Z62: =SUMPRODUCT(('4_매출_거래처'!$E$54:$E$89="베이비")*'4_매출_거래처'!AU$54:AU$89*$I$80:$I$115) -> 13243.75 | AA62: =SUM(C62:N62) -> 11727.15 | AB62: =SUM(O62:Z62) -> 123550 | AC62: =SUMPRODUCT(('4_매출_거래처'!$E$54:$E$89="베이비")*'4_매출_거래처'!AX$54:AX$89*$J$80:$J$115) -> 211370 | AD62: =SUMPRODUCT(('4_매출_거래처'!$E$54:$E$89="베이비")*'4_매출_거래처'!AY$54:AY$89*$K$80:$K$115) -> 294684 | AE62: =SUMPRODUCT(('4_매출_거래처'!$E$54:$E$89="베이비")*'4_매출_거래처'!AZ$54:AZ$89*$L$80:$L$115) -> 373975.68 | AF62: =SUM(AA62:AE62) -> 1015306.8
A63: 베이비 — 앱·웹 모니터링 구독(SW·AI) | B63: P3 | C63: =SUMPRODUCT(('4_매출_거래처'!$E$54:$E$89="베이비")*'4_매출_거래처'!X$54:X$89*$M$80:$M$115) -> 773.8 | D63: =SUMPRODUCT(('4_매출_거래처'!$E$54:$E$89="베이비")*'4_매출_거래처'!Y$54:Y$89*$M$80:$M$115) -> 956.9 | E63: =SUMPRODUCT(('4_매출_거래처'!$E$54:$E$89="베이비")*'4_매출_거래처'!Z$54:Z$89*$M$80:$M$115) -> 3300.9 | F63: =SUMPRODUCT(('4_매출_거래처'!$E$54:$E$89="베이비")*'4_매출_거래처'!AA$54:AA$89*$M$80:$M$115) -> 1045 | G63: =SUMPRODUCT(('4_매출_거래처'!$E$54:$E$89="베이비")*'4_매출_거래처'!AB$54:AB$89*$M$80:$M$115) -> 2131.8 | H63: =SUMPRODUCT(('4_매출_거래처'!$E$54:$E$89="베이비")*'4_매출_거래처'!AC$54:AC$89*$M$80:$M$115) -> 5036.1 | I63: =SUMPRODUCT(('4_매출_거래처'!$E$54:$E$89="베이비")*'4_매출_거래처'!AD$54:AD$89*$M$80:$M$115) -> 1163.1 | J63: =SUMPRODUCT(('4_매출_거래처'!$E$54:$E$89="베이비")*'4_매출_거래처'!AE$54:AE$89*$M$80:$M$115) -> 723.9 | ... N63: =SUMPRODUCT(('4_매출_거래처'!$E$54:$E$89="베이비")*'4_매출_거래처'!AI$54:AI$89*$M$80:$M$115) -> 3870 | O63: =SUMPRODUCT(('4_매출_거래처'!$E$54:$E$89="베이비")*'4_매출_거래처'!AJ$54:AJ$89*$N$80:$N$115) -> 16507.9 | P63: =SUMPRODUCT(('4_매출_거래처'!$E$54:$E$89="베이비")*'4_매출_거래처'!AK$54:AK$89*$N$80:$N$115) -> 15141.6 | Q63: =SUMPRODUCT(('4_매출_거래처'!$E$54:$E$89="베이비")*'4_매출_거래처'!AL$54:AL$89*$N$80:$N$115) -> 16034.7 | R63: =SUMPRODUCT(('4_매출_거래처'!$E$54:$E$89="베이비")*'4_매출_거래처'!AM$54:AM$89*$N$80:$N$115) -> 17875.1 | S63: =SUMPRODUCT(('4_매출_거래처'!$E$54:$E$89="베이비")*'4_매출_거래처'!AN$54:AN$89*$N$80:$N$115) -> 18248.4 | T63: =SUMPRODUCT(('4_매출_거래처'!$E$54:$E$89="베이비")*'4_매출_거래처'!AO$54:AO$89*$N$80:$N$115) -> 18657.7 | U63: =SUMPRODUCT(('4_매출_거래처'!$E$54:$E$89="베이비")*'4_매출_거래처'!AP$54:AP$89*$N$80:$N$115) -> 21906.3 | V63: =SUMPRODUCT(('4_매출_거래처'!$E$54:$E$89="베이비")*'4_매출_거래처'!AQ$54:AQ$89*$N$80:$N$115) -> 22398.1 | ... Z63: =SUMPRODUCT(('4_매출_거래처'!$E$54:$E$89="베이비")*'4_매출_거래처'!AU$54:AU$89*$N$80:$N$115) -> 26487.5 | AA63: =SUM(C63:N63) -> 23454.3 | AB63: =SUM(O63:Z63) -> 247100 | AC63: =SUMPRODUCT(('4_매출_거래처'!$E$54:$E$89="베이비")*'4_매출_거래처'!AX$54:AX$89*$O$80:$O$115) -> 422740 | AD63: =SUMPRODUCT(('4_매출_거래처'!$E$54:$E$89="베이비")*'4_매출_거래처'!AY$54:AY$89*$P$80:$P$115) -> 589368 | AE63: =SUMPRODUCT(('4_매출_거래처'!$E$54:$E$89="베이비")*'4_매출_거래처'!AZ$54:AZ$89*$Q$80:$Q$115) -> 747951.36 | AF63: =SUM(AA63:AE63) -> 2030613.7
A64: 베이비 — 바이탈 모니터링 센서(60GHz, 2026 Q4 출시) | B64: P4 | C64: =SUMPRODUCT(('4_매출_거래처'!$E$54:$E$89="베이비")*'4_매출_거래처'!X$54:X$89*$R$80:$R$115) -> 0 | D64: =SUMPRODUCT(('4_매출_거래처'!$E$54:$E$89="베이비")*'4_매출_거래처'!Y$54:Y$89*$R$80:$R$115) -> 0 | E64: =SUMPRODUCT(('4_매출_거래처'!$E$54:$E$89="베이비")*'4_매출_거래처'!Z$54:Z$89*$R$80:$R$115) -> 0 | F64: =SUMPRODUCT(('4_매출_거래처'!$E$54:$E$89="베이비")*'4_매출_거래처'!AA$54:AA$89*$R$80:$R$115) -> 0 | G64: =SUMPRODUCT(('4_매출_거래처'!$E$54:$E$89="베이비")*'4_매출_거래처'!AB$54:AB$89*$R$80:$R$115) -> 0 | H64: =SUMPRODUCT(('4_매출_거래처'!$E$54:$E$89="베이비")*'4_매출_거래처'!AC$54:AC$89*$R$80:$R$115) -> 0 | I64: =SUMPRODUCT(('4_매출_거래처'!$E$54:$E$89="베이비")*'4_매출_거래처'!AD$54:AD$89*$R$80:$R$115) -> 0 | J64: =SUMPRODUCT(('4_매출_거래처'!$E$54:$E$89="베이비")*'4_매출_거래처'!AE$54:AE$89*$R$80:$R$115) -> 0 | ... N64: =SUMPRODUCT(('4_매출_거래처'!$E$54:$E$89="베이비")*'4_매출_거래처'!AI$54:AI$89*$R$80:$R$115) -> 0 | O64: =SUMPRODUCT(('4_매출_거래처'!$E$54:$E$89="베이비")*'4_매출_거래처'!AJ$54:AJ$89*$S$80:$S$115) -> 0 | P64: =SUMPRODUCT(('4_매출_거래처'!$E$54:$E$89="베이비")*'4_매출_거래처'!AK$54:AK$89*$S$80:$S$115) -> 0 | Q64: =SUMPRODUCT(('4_매출_거래처'!$E$54:$E$89="베이비")*'4_매출_거래처'!AL$54:AL$89*$S$80:$S$115) -> 0 | R64: =SUMPRODUCT(('4_매출_거래처'!$E$54:$E$89="베이비")*'4_매출_거래처'!AM$54:AM$89*$S$80:$S$115) -> 0 | S64: =SUMPRODUCT(('4_매출_거래처'!$E$54:$E$89="베이비")*'4_매출_거래처'!AN$54:AN$89*$S$80:$S$115) -> 0 | T64: =SUMPRODUCT(('4_매출_거래처'!$E$54:$E$89="베이비")*'4_매출_거래처'!AO$54:AO$89*$S$80:$S$115) -> 0 | U64: =SUMPRODUCT(('4_매출_거래처'!$E$54:$E$89="베이비")*'4_매출_거래처'!AP$54:AP$89*$S$80:$S$115) -> 0 | V64: =SUMPRODUCT(('4_매출_거래처'!$E$54:$E$89="베이비")*'4_매출_거래처'!AQ$54:AQ$89*$S$80:$S$115) -> 0 | ... Z64: =SUMPRODUCT(('4_매출_거래처'!$E$54:$E$89="베이비")*'4_매출_거래처'!AU$54:AU$89*$S$80:$S$115) -> 0 | AA64: =SUM(C64:N64) -> 0 | AB64: =SUM(O64:Z64) -> 0 | AC64: =SUMPRODUCT(('4_매출_거래처'!$E$54:$E$89="베이비")*'4_매출_거래처'!AX$54:AX$89*$T$80:$T$115) -> 0 | AD64: =SUMPRODUCT(('4_매출_거래처'!$E$54:$E$89="베이비")*'4_매출_거래처'!AY$54:AY$89*$U$80:$U$115) -> 0 | AE64: =SUMPRODUCT(('4_매출_거래처'!$E$54:$E$89="베이비")*'4_매출_거래처'!AZ$54:AZ$89*$V$80:$V$115) -> 0 | AF64: =SUM(AA64:AE64) -> 0
A65: 베이비 — 스마트 욕창 케어(2027 출시) | B65: P5 | C65: =SUMPRODUCT(('4_매출_거래처'!$E$54:$E$89="베이비")*'4_매출_거래처'!X$54:X$89*$W$80:$W$115) -> 0 | D65: =SUMPRODUCT(('4_매출_거래처'!$E$54:$E$89="베이비")*'4_매출_거래처'!Y$54:Y$89*$W$80:$W$115) -> 0 | E65: =SUMPRODUCT(('4_매출_거래처'!$E$54:$E$89="베이비")*'4_매출_거래처'!Z$54:Z$89*$W$80:$W$115) -> 0 | F65: =SUMPRODUCT(('4_매출_거래처'!$E$54:$E$89="베이비")*'4_매출_거래처'!AA$54:AA$89*$W$80:$W$115) -> 0 | G65: =SUMPRODUCT(('4_매출_거래처'!$E$54:$E$89="베이비")*'4_매출_거래처'!AB$54:AB$89*$W$80:$W$115) -> 0 | H65: =SUMPRODUCT(('4_매출_거래처'!$E$54:$E$89="베이비")*'4_매출_거래처'!AC$54:AC$89*$W$80:$W$115) -> 0 | I65: =SUMPRODUCT(('4_매출_거래처'!$E$54:$E$89="베이비")*'4_매출_거래처'!AD$54:AD$89*$W$80:$W$115) -> 0 | J65: =SUMPRODUCT(('4_매출_거래처'!$E$54:$E$89="베이비")*'4_매출_거래처'!AE$54:AE$89*$W$80:$W$115) -> 0 | ... N65: =SUMPRODUCT(('4_매출_거래처'!$E$54:$E$89="베이비")*'4_매출_거래처'!AI$54:AI$89*$W$80:$W$115) -> 0 | O65: =SUMPRODUCT(('4_매출_거래처'!$E$54:$E$89="베이비")*'4_매출_거래처'!AJ$54:AJ$89*$X$80:$X$115) -> 0 | P65: =SUMPRODUCT(('4_매출_거래처'!$E$54:$E$89="베이비")*'4_매출_거래처'!AK$54:AK$89*$X$80:$X$115) -> 0 | Q65: =SUMPRODUCT(('4_매출_거래처'!$E$54:$E$89="베이비")*'4_매출_거래처'!AL$54:AL$89*$X$80:$X$115) -> 0 | R65: =SUMPRODUCT(('4_매출_거래처'!$E$54:$E$89="베이비")*'4_매출_거래처'!AM$54:AM$89*$X$80:$X$115) -> 0 | S65: =SUMPRODUCT(('4_매출_거래처'!$E$54:$E$89="베이비")*'4_매출_거래처'!AN$54:AN$89*$X$80:$X$115) -> 0 | T65: =SUMPRODUCT(('4_매출_거래처'!$E$54:$E$89="베이비")*'4_매출_거래처'!AO$54:AO$89*$X$80:$X$115) -> 0 | U65: =SUMPRODUCT(('4_매출_거래처'!$E$54:$E$89="베이비")*'4_매출_거래처'!AP$54:AP$89*$X$80:$X$115) -> 0 | V65: =SUMPRODUCT(('4_매출_거래처'!$E$54:$E$89="베이비")*'4_매출_거래처'!AQ$54:AQ$89*$X$80:$X$115) -> 0 | ... Z65: =SUMPRODUCT(('4_매출_거래처'!$E$54:$E$89="베이비")*'4_매출_거래처'!AU$54:AU$89*$X$80:$X$115) -> 0 | AA65: =SUM(C65:N65) -> 0 | AB65: =SUM(O65:Z65) -> 0 | AC65: =SUMPRODUCT(('4_매출_거래처'!$E$54:$E$89="베이비")*'4_매출_거래처'!AX$54:AX$89*$Y$80:$Y$115) -> 0 | AD65: =SUMPRODUCT(('4_매출_거래처'!$E$54:$E$89="베이비")*'4_매출_거래처'!AY$54:AY$89*$Z$80:$Z$115) -> 0 | AE65: =SUMPRODUCT(('4_매출_거래처'!$E$54:$E$89="베이비")*'4_매출_거래처'!AZ$54:AZ$89*$AA$80:$AA$115) -> 0 | AF65: =SUM(AA65:AE65) -> 0
A66: 베이비 — R&D·PoC 용역 | B66: P6 | C66: =SUMPRODUCT(('4_매출_거래처'!$E$54:$E$89="베이비")*'4_매출_거래처'!X$54:X$89*$AB$80:$AB$115) -> 0 | D66: =SUMPRODUCT(('4_매출_거래처'!$E$54:$E$89="베이비")*'4_매출_거래처'!Y$54:Y$89*$AB$80:$AB$115) -> 0 | E66: =SUMPRODUCT(('4_매출_거래처'!$E$54:$E$89="베이비")*'4_매출_거래처'!Z$54:Z$89*$AB$80:$AB$115) -> 0 | F66: =SUMPRODUCT(('4_매출_거래처'!$E$54:$E$89="베이비")*'4_매출_거래처'!AA$54:AA$89*$AB$80:$AB$115) -> 0 | G66: =SUMPRODUCT(('4_매출_거래처'!$E$54:$E$89="베이비")*'4_매출_거래처'!AB$54:AB$89*$AB$80:$AB$115) -> 0 | H66: =SUMPRODUCT(('4_매출_거래처'!$E$54:$E$89="베이비")*'4_매출_거래처'!AC$54:AC$89*$AB$80:$AB$115) -> 0 | I66: =SUMPRODUCT(('4_매출_거래처'!$E$54:$E$89="베이비")*'4_매출_거래처'!AD$54:AD$89*$AB$80:$AB$115) -> 0 | J66: =SUMPRODUCT(('4_매출_거래처'!$E$54:$E$89="베이비")*'4_매출_거래처'!AE$54:AE$89*$AB$80:$AB$115) -> 0 | ... N66: =SUMPRODUCT(('4_매출_거래처'!$E$54:$E$89="베이비")*'4_매출_거래처'!AI$54:AI$89*$AB$80:$AB$115) -> 0 | O66: =SUMPRODUCT(('4_매출_거래처'!$E$54:$E$89="베이비")*'4_매출_거래처'!AJ$54:AJ$89*$AC$80:$AC$115) -> 0 | P66: =SUMPRODUCT(('4_매출_거래처'!$E$54:$E$89="베이비")*'4_매출_거래처'!AK$54:AK$89*$AC$80:$AC$115) -> 0 | Q66: =SUMPRODUCT(('4_매출_거래처'!$E$54:$E$89="베이비")*'4_매출_거래처'!AL$54:AL$89*$AC$80:$AC$115) -> 0 | R66: =SUMPRODUCT(('4_매출_거래처'!$E$54:$E$89="베이비")*'4_매출_거래처'!AM$54:AM$89*$AC$80:$AC$115) -> 0 | S66: =SUMPRODUCT(('4_매출_거래처'!$E$54:$E$89="베이비")*'4_매출_거래처'!AN$54:AN$89*$AC$80:$AC$115) -> 0 | T66: =SUMPRODUCT(('4_매출_거래처'!$E$54:$E$89="베이비")*'4_매출_거래처'!AO$54:AO$89*$AC$80:$AC$115) -> 0 | U66: =SUMPRODUCT(('4_매출_거래처'!$E$54:$E$89="베이비")*'4_매출_거래처'!AP$54:AP$89*$AC$80:$AC$115) -> 0 | V66: =SUMPRODUCT(('4_매출_거래처'!$E$54:$E$89="베이비")*'4_매출_거래처'!AQ$54:AQ$89*$AC$80:$AC$115) -> 0 | ... Z66: =SUMPRODUCT(('4_매출_거래처'!$E$54:$E$89="베이비")*'4_매출_거래처'!AU$54:AU$89*$AC$80:$AC$115) -> 0 | AA66: =SUM(C66:N66) -> 0 | AB66: =SUM(O66:Z66) -> 0 | AC66: =SUMPRODUCT(('4_매출_거래처'!$E$54:$E$89="베이비")*'4_매출_거래처'!AX$54:AX$89*$AD$80:$AD$115) -> 0 | AD66: =SUMPRODUCT(('4_매출_거래처'!$E$54:$E$89="베이비")*'4_매출_거래처'!AY$54:AY$89*$AE$80:$AE$115) -> 0 | AE66: =SUMPRODUCT(('4_매출_거래처'!$E$54:$E$89="베이비")*'4_매출_거래처'!AZ$54:AZ$89*$AF$80:$AF$115) -> 0 | AF66: =SUM(AA66:AE66) -> 0
A67: 엘더리 — 스마트 기저귀(전용 기저귀·패드, 소모품) | B67: P1 | C67: =SUMPRODUCT(('4_매출_거래처'!$E$54:$E$89="엘더리")*'4_매출_거래처'!X$54:X$89*$C$80:$C$115) -> 24732.28 | D67: =SUMPRODUCT(('4_매출_거래처'!$E$54:$E$89="엘더리")*'4_매출_거래처'!Y$54:Y$89*$C$80:$C$115) -> 19466.25 | E67: =SUMPRODUCT(('4_매출_거래처'!$E$54:$E$89="엘더리")*'4_매출_거래처'!Z$54:Z$89*$C$80:$C$115) -> 14359.32 | F67: =SUMPRODUCT(('4_매출_거래처'!$E$54:$E$89="엘더리")*'4_매출_거래처'!AA$54:AA$89*$C$80:$C$115) -> 388 | G67: =SUMPRODUCT(('4_매출_거래처'!$E$54:$E$89="엘더리")*'4_매출_거래처'!AB$54:AB$89*$C$80:$C$115) -> 799.2 | H67: =SUMPRODUCT(('4_매출_거래처'!$E$54:$E$89="엘더리")*'4_매출_거래처'!AC$54:AC$89*$C$80:$C$115) -> 873.6 | I67: =SUMPRODUCT(('4_매출_거래처'!$E$54:$E$89="엘더리")*'4_매출_거래처'!AD$54:AD$89*$C$80:$C$115) -> 1346.4 | J67: =SUMPRODUCT(('4_매출_거래처'!$E$54:$E$89="엘더리")*'4_매출_거래처'!AE$54:AE$89*$C$80:$C$115) -> 549.6 | ... N67: =SUMPRODUCT(('4_매출_거래처'!$E$54:$E$89="엘더리")*'4_매출_거래처'!AI$54:AI$89*$C$80:$C$115) -> 196504 | O67: =SUMPRODUCT(('4_매출_거래처'!$E$54:$E$89="엘더리")*'4_매출_거래처'!AJ$54:AJ$89*$D$80:$D$115) -> 223804.4 | P67: =SUMPRODUCT(('4_매출_거래처'!$E$54:$E$89="엘더리")*'4_매출_거래처'!AK$54:AK$89*$D$80:$D$115) -> 253134.7 | Q67: =SUMPRODUCT(('4_매출_거래처'!$E$54:$E$89="엘더리")*'4_매출_거래처'!AL$54:AL$89*$D$80:$D$115) -> 312561.4 | R67: =SUMPRODUCT(('4_매출_거래처'!$E$54:$E$89="엘더리")*'4_매출_거래처'!AM$54:AM$89*$D$80:$D$115) -> 350893.06 | S67: =SUMPRODUCT(('4_매출_거래처'!$E$54:$E$89="엘더리")*'4_매출_거래처'!AN$54:AN$89*$D$80:$D$115) -> 384353.58 | T67: =SUMPRODUCT(('4_매출_거래처'!$E$54:$E$89="엘더리")*'4_매출_거래처'!AO$54:AO$89*$D$80:$D$115) -> 408422.5 | U67: =SUMPRODUCT(('4_매출_거래처'!$E$54:$E$89="엘더리")*'4_매출_거래처'!AP$54:AP$89*$D$80:$D$115) -> 432872.34 | V67: =SUMPRODUCT(('4_매출_거래처'!$E$54:$E$89="엘더리")*'4_매출_거래처'!AQ$54:AQ$89*$D$80:$D$115) -> 448314.14 | ... Z67: =SUMPRODUCT(('4_매출_거래처'!$E$54:$E$89="엘더리")*'4_매출_거래처'!AU$54:AU$89*$D$80:$D$115) -> 554050.84 | AA67: =SUM(C67:N67) -> 539665.87 | AB67: =SUM(O67:Z67) -> 4888600 | AC67: =SUMPRODUCT(('4_매출_거래처'!$E$54:$E$89="엘더리")*'4_매출_거래처'!AX$54:AX$89*$E$80:$E$115) -> 18496393 | AD67: =SUMPRODUCT(('4_매출_거래처'!$E$54:$E$89="엘더리")*'4_매출_거래처'!AY$54:AY$89*$F$80:$F$115) -> 38445123 | AE67: =SUMPRODUCT(('4_매출_거래처'!$E$54:$E$89="엘더리")*'4_매출_거래처'!AZ$54:AZ$89*$G$80:$G$115) -> 83736183 | AF67: =SUM(AA67:AE67) -> 1.4610596e+08
A68: 엘더리 — 센서·BLE 게이트웨이(하드웨어) | B68: P2 | C68: =SUMPRODUCT(('4_매출_거래처'!$E$54:$E$89="엘더리")*'4_매출_거래처'!X$54:X$89*$H$80:$H$115) -> 9840.64 | D68: =SUMPRODUCT(('4_매출_거래처'!$E$54:$E$89="엘더리")*'4_매출_거래처'!Y$54:Y$89*$H$80:$H$115) -> 3796.86 | E68: =SUMPRODUCT(('4_매출_거래처'!$E$54:$E$89="엘더리")*'4_매출_거래처'!Z$54:Z$89*$H$80:$H$115) -> 6600 | F68: =SUMPRODUCT(('4_매출_거래처'!$E$54:$E$89="엘더리")*'4_매출_거래처'!AA$54:AA$89*$H$80:$H$115) -> 38.8 | G68: =SUMPRODUCT(('4_매출_거래처'!$E$54:$E$89="엘더리")*'4_매출_거래처'!AB$54:AB$89*$H$80:$H$115) -> 79.92 | H68: =SUMPRODUCT(('4_매출_거래처'!$E$54:$E$89="엘더리")*'4_매출_거래처'!AC$54:AC$89*$H$80:$H$115) -> 87.36 | I68: =SUMPRODUCT(('4_매출_거래처'!$E$54:$E$89="엘더리")*'4_매출_거래처'!AD$54:AD$89*$H$80:$H$115) -> 134.64 | J68: =SUMPRODUCT(('4_매출_거래처'!$E$54:$E$89="엘더리")*'4_매출_거래처'!AE$54:AE$89*$H$80:$H$115) -> 54.96 | ... N68: =SUMPRODUCT(('4_매출_거래처'!$E$54:$E$89="엘더리")*'4_매출_거래처'!AI$54:AI$89*$H$80:$H$115) -> 170668.3 | O68: =SUMPRODUCT(('4_매출_거래처'!$E$54:$E$89="엘더리")*'4_매출_거래처'!AJ$54:AJ$89*$I$80:$I$115) -> 46901.04 | P68: =SUMPRODUCT(('4_매출_거래처'!$E$54:$E$89="엘더리")*'4_매출_거래처'!AK$54:AK$89*$I$80:$I$115) -> 54982.16 | Q68: =SUMPRODUCT(('4_매출_거래처'!$E$54:$E$89="엘더리")*'4_매출_거래처'!AL$54:AL$89*$I$80:$I$115) -> 82014.42 | R68: =SUMPRODUCT(('4_매출_거래처'!$E$54:$E$89="엘더리")*'4_매출_거래처'!AM$54:AM$89*$I$80:$I$115) -> 91623.7 | S68: =SUMPRODUCT(('4_매출_거래처'!$E$54:$E$89="엘더리")*'4_매출_거래처'!AN$54:AN$89*$I$80:$I$115) -> 100009.08 | T68: =SUMPRODUCT(('4_매출_거래처'!$E$54:$E$89="엘더리")*'4_매출_거래처'!AO$54:AO$89*$I$80:$I$115) -> 104722.46 | U68: =SUMPRODUCT(('4_매출_거래처'!$E$54:$E$89="엘더리")*'4_매출_거래처'!AP$54:AP$89*$I$80:$I$115) -> 109690.96 | V68: =SUMPRODUCT(('4_매출_거래처'!$E$54:$E$89="엘더리")*'4_매출_거래처'!AQ$54:AQ$89*$I$80:$I$115) -> 115917.48 | ... Z68: =SUMPRODUCT(('4_매출_거래처'!$E$54:$E$89="엘더리")*'4_매출_거래처'!AU$54:AU$89*$I$80:$I$115) -> 155805.2 | AA68: =SUM(C68:N68) -> 235243.36 | AB68: =SUM(O68:Z68) -> 1263080 | AC68: =SUMPRODUCT(('4_매출_거래처'!$E$54:$E$89="엘더리")*'4_매출_거래처'!AX$54:AX$89*$J$80:$J$115) -> 3899330.7 | AD68: =SUMPRODUCT(('4_매출_거래처'!$E$54:$E$89="엘더리")*'4_매출_거래처'!AY$54:AY$89*$K$80:$K$115) -> 8341516.7 | AE68: =SUMPRODUCT(('4_매출_거래처'!$E$54:$E$89="엘더리")*'4_매출_거래처'!AZ$54:AZ$89*$L$80:$L$115) -> 17929231 | AF68: =SUM(AA68:AE68) -> 31668402
A69: 엘더리 — 앱·웹 모니터링 구독(SW·AI) | B69: P3 | C69: =SUMPRODUCT(('4_매출_거래처'!$E$54:$E$89="엘더리")*'4_매출_거래처'!X$54:X$89*$M$80:$M$115) -> 4756.08 | D69: =SUMPRODUCT(('4_매출_거래처'!$E$54:$E$89="엘더리")*'4_매출_거래처'!Y$54:Y$89*$M$80:$M$115) -> 3307.89 | E69: =SUMPRODUCT(('4_매출_거래처'!$E$54:$E$89="엘더리")*'4_매출_거래처'!Z$54:Z$89*$M$80:$M$115) -> 2485.68 | F69: =SUMPRODUCT(('4_매출_거래처'!$E$54:$E$89="엘더리")*'4_매출_거래처'!AA$54:AA$89*$M$80:$M$115) -> 58.2 | G69: =SUMPRODUCT(('4_매출_거래처'!$E$54:$E$89="엘더리")*'4_매출_거래처'!AB$54:AB$89*$M$80:$M$115) -> 119.88 | H69: =SUMPRODUCT(('4_매출_거래처'!$E$54:$E$89="엘더리")*'4_매출_거래처'!AC$54:AC$89*$M$80:$M$115) -> 131.04 | I69: =SUMPRODUCT(('4_매출_거래처'!$E$54:$E$89="엘더리")*'4_매출_거래처'!AD$54:AD$89*$M$80:$M$115) -> 201.96 | J69: =SUMPRODUCT(('4_매출_거래처'!$E$54:$E$89="엘더리")*'4_매출_거래처'!AE$54:AE$89*$M$80:$M$115) -> 82.44 | ... N69: =SUMPRODUCT(('4_매출_거래처'!$E$54:$E$89="엘더리")*'4_매출_거래처'!AI$54:AI$89*$M$80:$M$115) -> 58421.15 | O69: =SUMPRODUCT(('4_매출_거래처'!$E$54:$E$89="엘더리")*'4_매출_거래처'!AJ$54:AJ$89*$N$80:$N$115) -> 36746.2 | P69: =SUMPRODUCT(('4_매출_거래처'!$E$54:$E$89="엘더리")*'4_매출_거래처'!AK$54:AK$89*$N$80:$N$115) -> 40948.75 | Q69: =SUMPRODUCT(('4_매출_거래처'!$E$54:$E$89="엘더리")*'4_매출_거래처'!AL$54:AL$89*$N$80:$N$115) -> 53301 | R69: =SUMPRODUCT(('4_매출_거래처'!$E$54:$E$89="엘더리")*'4_매출_거래처'!AM$54:AM$89*$N$80:$N$115) -> 58780.87 | S69: =SUMPRODUCT(('4_매출_거래처'!$E$54:$E$89="엘더리")*'4_매출_거래처'!AN$54:AN$89*$N$80:$N$115) -> 63994.71 | T69: =SUMPRODUCT(('4_매출_거래처'!$E$54:$E$89="엘더리")*'4_매출_거래처'!AO$54:AO$89*$N$80:$N$115) -> 67418.35 | U69: =SUMPRODUCT(('4_매출_거래처'!$E$54:$E$89="엘더리")*'4_매출_거래처'!AP$54:AP$89*$N$80:$N$115) -> 70898.53 | V69: =SUMPRODUCT(('4_매출_거래처'!$E$54:$E$89="엘더리")*'4_매출_거래처'!AQ$54:AQ$89*$N$80:$N$115) -> 73136.83 | ... Z69: =SUMPRODUCT(('4_매출_거래처'!$E$54:$E$89="엘더리")*'4_매출_거래처'!AU$54:AU$89*$N$80:$N$115) -> 91675.18 | AA69: =SUM(C69:N69) -> 112171.22 | AB69: =SUM(O69:Z69) -> 805600 | AC69: =SUMPRODUCT(('4_매출_거래처'!$E$54:$E$89="엘더리")*'4_매출_거래처'!AX$54:AX$89*$O$80:$O$115) -> 3360328 | AD69: =SUMPRODUCT(('4_매출_거래처'!$E$54:$E$89="엘더리")*'4_매출_거래처'!AY$54:AY$89*$P$80:$P$115) -> 7518304.8 | AE69: =SUMPRODUCT(('4_매출_거래처'!$E$54:$E$89="엘더리")*'4_매출_거래처'!AZ$54:AZ$89*$Q$80:$Q$115) -> 17568364 | AF69: =SUM(AA69:AE69) -> 29364768
A70: 엘더리 — 바이탈 모니터링 센서(60GHz, 2026 Q4 출시) | B70: P4 | C70: =SUMPRODUCT(('4_매출_거래처'!$E$54:$E$89="엘더리")*'4_매출_거래처'!X$54:X$89*$R$80:$R$115) -> 0 | D70: =SUMPRODUCT(('4_매출_거래처'!$E$54:$E$89="엘더리")*'4_매출_거래처'!Y$54:Y$89*$R$80:$R$115) -> 0 | E70: =SUMPRODUCT(('4_매출_거래처'!$E$54:$E$89="엘더리")*'4_매출_거래처'!Z$54:Z$89*$R$80:$R$115) -> 0 | F70: =SUMPRODUCT(('4_매출_거래처'!$E$54:$E$89="엘더리")*'4_매출_거래처'!AA$54:AA$89*$R$80:$R$115) -> 0 | G70: =SUMPRODUCT(('4_매출_거래처'!$E$54:$E$89="엘더리")*'4_매출_거래처'!AB$54:AB$89*$R$80:$R$115) -> 0 | H70: =SUMPRODUCT(('4_매출_거래처'!$E$54:$E$89="엘더리")*'4_매출_거래처'!AC$54:AC$89*$R$80:$R$115) -> 0 | I70: =SUMPRODUCT(('4_매출_거래처'!$E$54:$E$89="엘더리")*'4_매출_거래처'!AD$54:AD$89*$R$80:$R$115) -> 0 | J70: =SUMPRODUCT(('4_매출_거래처'!$E$54:$E$89="엘더리")*'4_매출_거래처'!AE$54:AE$89*$R$80:$R$115) -> 0 | ... N70: =SUMPRODUCT(('4_매출_거래처'!$E$54:$E$89="엘더리")*'4_매출_거래처'!AI$54:AI$89*$R$80:$R$115) -> 0 | O70: =SUMPRODUCT(('4_매출_거래처'!$E$54:$E$89="엘더리")*'4_매출_거래처'!AJ$54:AJ$89*$S$80:$S$115) -> 10005.96 | P70: =SUMPRODUCT(('4_매출_거래처'!$E$54:$E$89="엘더리")*'4_매출_거래처'!AK$54:AK$89*$S$80:$S$115) -> 11292.99 | Q70: =SUMPRODUCT(('4_매출_거래처'!$E$54:$E$89="엘더리")*'4_매출_거래처'!AL$54:AL$89*$S$80:$S$115) -> 15135.58 | R70: =SUMPRODUCT(('4_매출_거래처'!$E$54:$E$89="엘더리")*'4_매출_거래처'!AM$54:AM$89*$S$80:$S$115) -> 16787.77 | S70: =SUMPRODUCT(('4_매출_거래처'!$E$54:$E$89="엘더리")*'4_매출_거래처'!AN$54:AN$89*$S$80:$S$115) -> 19100.43 | T70: =SUMPRODUCT(('4_매출_거래처'!$E$54:$E$89="엘더리")*'4_매출_거래처'!AO$54:AO$89*$S$80:$S$115) -> 20096.49 | U70: =SUMPRODUCT(('4_매출_거래처'!$E$54:$E$89="엘더리")*'4_매출_거래처'!AP$54:AP$89*$S$80:$S$115) -> 21113.97 | V70: =SUMPRODUCT(('4_매출_거래처'!$E$54:$E$89="엘더리")*'4_매출_거래처'!AQ$54:AQ$89*$S$80:$S$115) -> 21853.35 | ... Z70: =SUMPRODUCT(('4_매출_거래처'!$E$54:$E$89="엘더리")*'4_매출_거래처'!AU$54:AU$89*$S$80:$S$115) -> 27261.98 | AA70: =SUM(C70:N70) -> 0 | AB70: =SUM(O70:Z70) -> 238240 | AC70: =SUMPRODUCT(('4_매출_거래처'!$E$54:$E$89="엘더리")*'4_매출_거래처'!AX$54:AX$89*$T$80:$T$115) -> 1792446.1 | AD70: =SUMPRODUCT(('4_매출_거래처'!$E$54:$E$89="엘더리")*'4_매출_거래처'!AY$54:AY$89*$U$80:$U$115) -> 5949350.2 | AE70: =SUMPRODUCT(('4_매출_거래처'!$E$54:$E$89="엘더리")*'4_매출_거래처'!AZ$54:AZ$89*$V$80:$V$115) -> 17723890 | AF70: =SUM(AA70:AE70) -> 25703926
A71: 엘더리 — 스마트 욕창 케어(2027 출시) | B71: P5 | C71: =SUMPRODUCT(('4_매출_거래처'!$E$54:$E$89="엘더리")*'4_매출_거래처'!X$54:X$89*$W$80:$W$115) -> 0 | D71: =SUMPRODUCT(('4_매출_거래처'!$E$54:$E$89="엘더리")*'4_매출_거래처'!Y$54:Y$89*$W$80:$W$115) -> 0 | E71: =SUMPRODUCT(('4_매출_거래처'!$E$54:$E$89="엘더리")*'4_매출_거래처'!Z$54:Z$89*$W$80:$W$115) -> 0 | F71: =SUMPRODUCT(('4_매출_거래처'!$E$54:$E$89="엘더리")*'4_매출_거래처'!AA$54:AA$89*$W$80:$W$115) -> 0 | G71: =SUMPRODUCT(('4_매출_거래처'!$E$54:$E$89="엘더리")*'4_매출_거래처'!AB$54:AB$89*$W$80:$W$115) -> 0 | H71: =SUMPRODUCT(('4_매출_거래처'!$E$54:$E$89="엘더리")*'4_매출_거래처'!AC$54:AC$89*$W$80:$W$115) -> 0 | I71: =SUMPRODUCT(('4_매출_거래처'!$E$54:$E$89="엘더리")*'4_매출_거래처'!AD$54:AD$89*$W$80:$W$115) -> 0 | J71: =SUMPRODUCT(('4_매출_거래처'!$E$54:$E$89="엘더리")*'4_매출_거래처'!AE$54:AE$89*$W$80:$W$115) -> 0 | ... N71: =SUMPRODUCT(('4_매출_거래처'!$E$54:$E$89="엘더리")*'4_매출_거래처'!AI$54:AI$89*$W$80:$W$115) -> 0 | O71: =SUMPRODUCT(('4_매출_거래처'!$E$54:$E$89="엘더리")*'4_매출_거래처'!AJ$54:AJ$89*$X$80:$X$115) -> 487.2 | P71: =SUMPRODUCT(('4_매출_거래처'!$E$54:$E$89="엘더리")*'4_매출_거래처'!AK$54:AK$89*$X$80:$X$115) -> 487.2 | Q71: =SUMPRODUCT(('4_매출_거래처'!$E$54:$E$89="엘더리")*'4_매출_거래처'!AL$54:AL$89*$X$80:$X$115) -> 1136.8 | R71: =SUMPRODUCT(('4_매출_거래처'!$E$54:$E$89="엘더리")*'4_매출_거래처'!AM$54:AM$89*$X$80:$X$115) -> 1136.8 | S71: =SUMPRODUCT(('4_매출_거래처'!$E$54:$E$89="엘더리")*'4_매출_거래처'!AN$54:AN$89*$X$80:$X$115) -> 1461.6 | T71: =SUMPRODUCT(('4_매출_거래처'!$E$54:$E$89="엘더리")*'4_매출_거래처'!AO$54:AO$89*$X$80:$X$115) -> 1461.6 | U71: =SUMPRODUCT(('4_매출_거래처'!$E$54:$E$89="엘더리")*'4_매출_거래처'!AP$54:AP$89*$X$80:$X$115) -> 1461.6 | V71: =SUMPRODUCT(('4_매출_거래처'!$E$54:$E$89="엘더리")*'4_매출_거래처'!AQ$54:AQ$89*$X$80:$X$115) -> 1461.6 | ... Z71: =SUMPRODUCT(('4_매출_거래처'!$E$54:$E$89="엘더리")*'4_매출_거래처'!AU$54:AU$89*$X$80:$X$115) -> 1786.4 | AA71: =SUM(C71:N71) -> 0 | AB71: =SUM(O71:Z71) -> 16240 | AC71: =SUMPRODUCT(('4_매출_거래처'!$E$54:$E$89="엘더리")*'4_매출_거래처'!AX$54:AX$89*$Y$80:$Y$115) -> 424931.36 | AD71: =SUMPRODUCT(('4_매출_거래처'!$E$54:$E$89="엘더리")*'4_매출_거래처'!AY$54:AY$89*$Z$80:$Z$115) -> 2283801.6 | AE71: =SUMPRODUCT(('4_매출_거래처'!$E$54:$E$89="엘더리")*'4_매출_거래처'!AZ$54:AZ$89*$AA$80:$AA$115) -> 8282271.8 | AF71: =SUM(AA71:AE71) -> 11007245
A72: 엘더리 — R&D·PoC 용역 | B72: P6 | C72: =SUMPRODUCT(('4_매출_거래처'!$E$54:$E$89="엘더리")*'4_매출_거래처'!X$54:X$89*$AB$80:$AB$115) -> 0 | D72: =SUMPRODUCT(('4_매출_거래처'!$E$54:$E$89="엘더리")*'4_매출_거래처'!Y$54:Y$89*$AB$80:$AB$115) -> 0 | E72: =SUMPRODUCT(('4_매출_거래처'!$E$54:$E$89="엘더리")*'4_매출_거래처'!Z$54:Z$89*$AB$80:$AB$115) -> 0 | F72: =SUMPRODUCT(('4_매출_거래처'!$E$54:$E$89="엘더리")*'4_매출_거래처'!AA$54:AA$89*$AB$80:$AB$115) -> 0 | G72: =SUMPRODUCT(('4_매출_거래처'!$E$54:$E$89="엘더리")*'4_매출_거래처'!AB$54:AB$89*$AB$80:$AB$115) -> 0 | H72: =SUMPRODUCT(('4_매출_거래처'!$E$54:$E$89="엘더리")*'4_매출_거래처'!AC$54:AC$89*$AB$80:$AB$115) -> 0 | I72: =SUMPRODUCT(('4_매출_거래처'!$E$54:$E$89="엘더리")*'4_매출_거래처'!AD$54:AD$89*$AB$80:$AB$115) -> 0 | J72: =SUMPRODUCT(('4_매출_거래처'!$E$54:$E$89="엘더리")*'4_매출_거래처'!AE$54:AE$89*$AB$80:$AB$115) -> 0 | ... N72: =SUMPRODUCT(('4_매출_거래처'!$E$54:$E$89="엘더리")*'4_매출_거래처'!AI$54:AI$89*$AB$80:$AB$115) -> 28343.55 | O72: =SUMPRODUCT(('4_매출_거래처'!$E$54:$E$89="엘더리")*'4_매출_거래처'!AJ$54:AJ$89*$AC$80:$AC$115) -> 4987.2 | P72: =SUMPRODUCT(('4_매출_거래처'!$E$54:$E$89="엘더리")*'4_매출_거래처'!AK$54:AK$89*$AC$80:$AC$115) -> 5868.2 | Q72: =SUMPRODUCT(('4_매출_거래처'!$E$54:$E$89="엘더리")*'4_매출_거래처'!AL$54:AL$89*$AC$80:$AC$115) -> 18097.8 | R72: =SUMPRODUCT(('4_매출_거래처'!$E$54:$E$89="엘더리")*'4_매출_거래처'!AM$54:AM$89*$AC$80:$AC$115) -> 23036.8 | S72: =SUMPRODUCT(('4_매출_거래처'!$E$54:$E$89="엘더리")*'4_매출_거래처'!AN$54:AN$89*$AC$80:$AC$115) -> 25037.6 | T72: =SUMPRODUCT(('4_매출_거래처'!$E$54:$E$89="엘더리")*'4_매출_거래처'!AO$54:AO$89*$AC$80:$AC$115) -> 26874.6 | U72: =SUMPRODUCT(('4_매출_거래처'!$E$54:$E$89="엘더리")*'4_매출_거래처'!AP$54:AP$89*$AC$80:$AC$115) -> 28889.6 | V72: =SUMPRODUCT(('4_매출_거래처'!$E$54:$E$89="엘더리")*'4_매출_거래처'!AQ$54:AQ$89*$AC$80:$AC$115) -> 31097.6 | ... Z72: =SUMPRODUCT(('4_매출_거래처'!$E$54:$E$89="엘더리")*'4_매출_거래처'!AU$54:AU$89*$AC$80:$AC$115) -> 45600.4 | AA72: =SUM(C72:N72) -> 79593.55 | AB72: =SUM(O72:Z72) -> 322240 | AC72: =SUMPRODUCT(('4_매출_거래처'!$E$54:$E$89="엘더리")*'4_매출_거래처'!AX$54:AX$89*$AD$80:$AD$115) -> 799170.72 | AD72: =SUMPRODUCT(('4_매출_거래처'!$E$54:$E$89="엘더리")*'4_매출_거래처'!AY$54:AY$89*$AE$80:$AE$115) -> 1568223.9 | AE72: =SUMPRODUCT(('4_매출_거래처'!$E$54:$E$89="엘더리")*'4_매출_거래처'!AZ$54:AZ$89*$AF$80:$AF$115) -> 3280547 | AF72: =SUM(AA72:AE72) -> 6049775.2
A73: 카테고리 × 제품 합계 | C73: =SUM(C61:C72) -> 47067 | D73: =SUM(D61:D72) -> 36140 | E73: =SUM(E61:E72) -> 56454 | F73: =SUM(F61:F72) -> 10935 | G73: =SUM(G61:G72) -> 22317 | H73: =SUM(H61:H72) -> 51453 | I73: =SUM(I61:I72) -> 13314 | J73: =SUM(J61:J72) -> 7926 | ... AF73: =SUM(AF61:AF72) -> 270206217
A74: 검증: 카테고리 × 제품 합계 − 제품 합계(0이어야 함) | C74: =C73-C15 -> 0 | D74: =D73-D15 -> 0 | E74: =E73-E15 -> 0 | F74: =F73-F15 -> 0 | G74: =G73-G15 -> 0 | H74: =H73-H15 -> 0 | I74: =I73-I15 -> 0 | J74: =J73-J15 -> 0 | ... AF74: =AF73-AF15 -> 0
A77: H. 믹스 매트릭스(계산용) — 거래처 행 × (제품 × 연도) 비중 = 8_가정 프로파일 조회
C78: P1 | D78: P1 | E78: P1 | F78: P1 | G78: P1 | H78: P2 | I78: P2 | J78: P2 | K78: P2 | L78: P2 | M78: P3 | N78: P3 | O78: P3 | P78: P3 | Q78: P3 | R78: P4 | S78: P4 | T78: P4 | U78: P4 | V78: P4 | W78: P5 | X78: P5 | Y78: P5 | Z78: P5 | AA78: P5 | AB78: P6 | AC78: P6 | AD78: P6 | AE78: P6 | AF78: P6
C79: 2026 | D79: 2027 | E79: 2028 | F79: 2029 | G79: 2030 | H79: 2026 | I79: 2027 | J79: 2028 | K79: 2029 | L79: 2030 | M79: 2026 | N79: 2027 | O79: 2028 | P79: 2029 | Q79: 2030 | R79: 2026 | S79: 2027 | T79: 2028 | U79: 2029 | V79: 2030 | W79: 2026 | X79: 2027 | Y79: 2028 | Z79: 2029 | AA79: 2030 | AB79: 2026 | AC79: 2027 | AD79: 2028 | AE79: 2029 | AF79: 2030
A80: ='4_매출_거래처'!D10 -> 네이버(Bebefit/Monit) — 베이비 | B80: ='4_매출_거래처'!I10 -> BABY | C80: =INDEX('8_가정'!$C$47:$C$88,MATCH($B80&"|P1",'8_가정'!$A$47:$A$88,0)) -> 0.85 | D80: =INDEX('8_가정'!$D$47:$D$88,MATCH($B80&"|P1",'8_가정'!$A$47:$A$88,0)) -> 0.85 | E80: =INDEX('8_가정'!$E$47:$E$88,MATCH($B80&"|P1",'8_가정'!$A$47:$A$88,0)) -> 0.85 | F80: =INDEX('8_가정'!$F$47:$F$88,MATCH($B80&"|P1",'8_가정'!$A$47:$A$88,0)) -> 0.85 | G80: =INDEX('8_가정'!$G$47:$G$88,MATCH($B80&"|P1",'8_가정'!$A$47:$A$88,0)) -> 0.85 | H80: =INDEX('8_가정'!$C$47:$C$88,MATCH($B80&"|P2",'8_가정'!$A$47:$A$88,0)) -> 0.05 | I80: =INDEX('8_가정'!$D$47:$D$88,MATCH($B80&"|P2",'8_가정'!$A$47:$A$88,0)) -> 0.05 | J80: =INDEX('8_가정'!$E$47:$E$88,MATCH($B80&"|P2",'8_가정'!$A$47:$A$88,0)) -> 0.05 | K80: =INDEX('8_가정'!$F$47:$F$88,MATCH($B80&"|P2",'8_가정'!$A$47:$A$88,0)) -> 0.05 | L80: =INDEX('8_가정'!$G$47:$G$88,MATCH($B80&"|P2",'8_가정'!$A$47:$A$88,0)) -> 0.05 | M80: =INDEX('8_가정'!$C$47:$C$88,MATCH($B80&"|P3",'8_가정'!$A$47:$A$88,0)) -> 0.1 | N80: =INDEX('8_가정'!$D$47:$D$88,MATCH($B80&"|P3",'8_가정'!$A$47:$A$88,0)) -> 0.1 | O80: =INDEX('8_가정'!$E$47:$E$88,MATCH($B80&"|P3",'8_가정'!$A$47:$A$88,0)) -> 0.1 | P80: =INDEX('8_가정'!$F$47:$F$88,MATCH($B80&"|P3",'8_가정'!$A$47:$A$88,0)) -> 0.1 | Q80: =INDEX('8_가정'!$G$47:$G$88,MATCH($B80&"|P3",'8_가정'!$A$47:$A$88,0)) -> 0.1 | R80: =INDEX('8_가정'!$C$47:$C$88,MATCH($B80&"|P4",'8_가정'!$A$47:$A$88,0)) -> 0 | S80: =INDEX('8_가정'!$D$47:$D$88,MATCH($B80&"|P4",'8_가정'!$A$47:$A$88,0)) -> 0 | T80: =INDEX('8_가정'!$E$47:$E$88,MATCH($B80&"|P4",'8_가정'!$A$47:$A$88,0)) -> 0 | U80: =INDEX('8_가정'!$F$47:$F$88,MATCH($B80&"|P4",'8_가정'!$A$47:$A$88,0)) -> 0 | V80: =INDEX('8_가정'!$G$47:$G$88,MATCH($B80&"|P4",'8_가정'!$A$47:$A$88,0)) -> 0 | W80: =INDEX('8_가정'!$C$47:$C$88,MATCH($B80&"|P5",'8_가정'!$A$47:$A$88,0)) -> 0 | X80: =INDEX('8_가정'!$D$47:$D$88,MATCH($B80&"|P5",'8_가정'!$A$47:$A$88,0)) -> 0 | Y80: =INDEX('8_가정'!$E$47:$E$88,MATCH($B80&"|P5",'8_가정'!$A$47:$A$88,0)) -> 0 | Z80: =INDEX('8_가정'!$F$47:$F$88,MATCH($B80&"|P5",'8_가정'!$A$47:$A$88,0)) -> 0 | AA80: =INDEX('8_가정'!$G$47:$G$88,MATCH($B80&"|P5",'8_가정'!$A$47:$A$88,0)) -> 0 | AB80: =INDEX('8_가정'!$C$47:$C$88,MATCH($B80&"|P6",'8_가정'!$A$47:$A$88,0)) -> 0 | AC80: =INDEX('8_가정'!$D$47:$D$88,MATCH($B80&"|P6",'8_가정'!$A$47:$A$88,0)) -> 0 | AD80: =INDEX('8_가정'!$E$47:$E$88,MATCH($B80&"|P6",'8_가정'!$A$47:$A$88,0)) -> 0 | AE80: =INDEX('8_가정'!$F$47:$F$88,MATCH($B80&"|P6",'8_가정'!$A$47:$A$88,0)) -> 0 | AF80: =INDEX('8_가정'!$G$47:$G$88,MATCH($B80&"|P6",'8_가정'!$A$47:$A$88,0)) -> 0
A81: ='4_매출_거래처'!D11 -> 네이버(위탁상품) — 베이비 | B81: ='4_매출_거래처'!I11 -> BABY | C81: =INDEX('8_가정'!$C$47:$C$88,MATCH($B81&"|P1",'8_가정'!$A$47:$A$88,0)) -> 0.85 | D81: =INDEX('8_가정'!$D$47:$D$88,MATCH($B81&"|P1",'8_가정'!$A$47:$A$88,0)) -> 0.85 | E81: =INDEX('8_가정'!$E$47:$E$88,MATCH($B81&"|P1",'8_가정'!$A$47:$A$88,0)) -> 0.85 | F81: =INDEX('8_가정'!$F$47:$F$88,MATCH($B81&"|P1",'8_가정'!$A$47:$A$88,0)) -> 0.85 | G81: =INDEX('8_가정'!$G$47:$G$88,MATCH($B81&"|P1",'8_가정'!$A$47:$A$88,0)) -> 0.85 | H81: =INDEX('8_가정'!$C$47:$C$88,MATCH($B81&"|P2",'8_가정'!$A$47:$A$88,0)) -> 0.05 | I81: =INDEX('8_가정'!$D$47:$D$88,MATCH($B81&"|P2",'8_가정'!$A$47:$A$88,0)) -> 0.05 | J81: =INDEX('8_가정'!$E$47:$E$88,MATCH($B81&"|P2",'8_가정'!$A$47:$A$88,0)) -> 0.05 | K81: =INDEX('8_가정'!$F$47:$F$88,MATCH($B81&"|P2",'8_가정'!$A$47:$A$88,0)) -> 0.05 | L81: =INDEX('8_가정'!$G$47:$G$88,MATCH($B81&"|P2",'8_가정'!$A$47:$A$88,0)) -> 0.05 | M81: =INDEX('8_가정'!$C$47:$C$88,MATCH($B81&"|P3",'8_가정'!$A$47:$A$88,0)) -> 0.1 | N81: =INDEX('8_가정'!$D$47:$D$88,MATCH($B81&"|P3",'8_가정'!$A$47:$A$88,0)) -> 0.1 | O81: =INDEX('8_가정'!$E$47:$E$88,MATCH($B81&"|P3",'8_가정'!$A$47:$A$88,0)) -> 0.1 | P81: =INDEX('8_가정'!$F$47:$F$88,MATCH($B81&"|P3",'8_가정'!$A$47:$A$88,0)) -> 0.1 | Q81: =INDEX('8_가정'!$G$47:$G$88,MATCH($B81&"|P3",'8_가정'!$A$47:$A$88,0)) -> 0.1 | R81: =INDEX('8_가정'!$C$47:$C$88,MATCH($B81&"|P4",'8_가정'!$A$47:$A$88,0)) -> 0 | S81: =INDEX('8_가정'!$D$47:$D$88,MATCH($B81&"|P4",'8_가정'!$A$47:$A$88,0)) -> 0 | T81: =INDEX('8_가정'!$E$47:$E$88,MATCH($B81&"|P4",'8_가정'!$A$47:$A$88,0)) -> 0 | U81: =INDEX('8_가정'!$F$47:$F$88,MATCH($B81&"|P4",'8_가정'!$A$47:$A$88,0)) -> 0 | V81: =INDEX('8_가정'!$G$47:$G$88,MATCH($B81&"|P4",'8_가정'!$A$47:$A$88,0)) -> 0 | W81: =INDEX('8_가정'!$C$47:$C$88,MATCH($B81&"|P5",'8_가정'!$A$47:$A$88,0)) -> 0 | X81: =INDEX('8_가정'!$D$47:$D$88,MATCH($B81&"|P5",'8_가정'!$A$47:$A$88,0)) -> 0 | Y81: =INDEX('8_가정'!$E$47:$E$88,MATCH($B81&"|P5",'8_가정'!$A$47:$A$88,0)) -> 0 | Z81: =INDEX('8_가정'!$F$47:$F$88,MATCH($B81&"|P5",'8_가정'!$A$47:$A$88,0)) -> 0 | AA81: =INDEX('8_가정'!$G$47:$G$88,MATCH($B81&"|P5",'8_가정'!$A$47:$A$88,0)) -> 0 | AB81: =INDEX('8_가정'!$C$47:$C$88,MATCH($B81&"|P6",'8_가정'!$A$47:$A$88,0)) -> 0 | AC81: =INDEX('8_가정'!$D$47:$D$88,MATCH($B81&"|P6",'8_가정'!$A$47:$A$88,0)) -> 0 | AD81: =INDEX('8_가정'!$E$47:$E$88,MATCH($B81&"|P6",'8_가정'!$A$47:$A$88,0)) -> 0 | AE81: =INDEX('8_가정'!$F$47:$F$88,MATCH($B81&"|P6",'8_가정'!$A$47:$A$88,0)) -> 0 | AF81: =INDEX('8_가정'!$G$47:$G$88,MATCH($B81&"|P6",'8_가정'!$A$47:$A$88,0)) -> 0
A82: ='4_매출_거래처'!D12 -> 쿠팡 — 베이비 | B82: ='4_매출_거래처'!I12 -> BABY | C82: =INDEX('8_가정'!$C$47:$C$88,MATCH($B82&"|P1",'8_가정'!$A$47:$A$88,0)) -> 0.85 | D82: =INDEX('8_가정'!$D$47:$D$88,MATCH($B82&"|P1",'8_가정'!$A$47:$A$88,0)) -> 0.85 | E82: =INDEX('8_가정'!$E$47:$E$88,MATCH($B82&"|P1",'8_가정'!$A$47:$A$88,0)) -> 0.85 | F82: =INDEX('8_가정'!$F$47:$F$88,MATCH($B82&"|P1",'8_가정'!$A$47:$A$88,0)) -> 0.85 | G82: =INDEX('8_가정'!$G$47:$G$88,MATCH($B82&"|P1",'8_가정'!$A$47:$A$88,0)) -> 0.85 | H82: =INDEX('8_가정'!$C$47:$C$88,MATCH($B82&"|P2",'8_가정'!$A$47:$A$88,0)) -> 0.05 | I82: =INDEX('8_가정'!$D$47:$D$88,MATCH($B82&"|P2",'8_가정'!$A$47:$A$88,0)) -> 0.05 | J82: =INDEX('8_가정'!$E$47:$E$88,MATCH($B82&"|P2",'8_가정'!$A$47:$A$88,0)) -> 0.05 | K82: =INDEX('8_가정'!$F$47:$F$88,MATCH($B82&"|P2",'8_가정'!$A$47:$A$88,0)) -> 0.05 | L82: =INDEX('8_가정'!$G$47:$G$88,MATCH($B82&"|P2",'8_가정'!$A$47:$A$88,0)) -> 0.05 | M82: =INDEX('8_가정'!$C$47:$C$88,MATCH($B82&"|P3",'8_가정'!$A$47:$A$88,0)) -> 0.1 | N82: =INDEX('8_가정'!$D$47:$D$88,MATCH($B82&"|P3",'8_가정'!$A$47:$A$88,0)) -> 0.1 | O82: =INDEX('8_가정'!$E$47:$E$88,MATCH($B82&"|P3",'8_가정'!$A$47:$A$88,0)) -> 0.1 | P82: =INDEX('8_가정'!$F$47:$F$88,MATCH($B82&"|P3",'8_가정'!$A$47:$A$88,0)) -> 0.1 | Q82: =INDEX('8_가정'!$G$47:$G$88,MATCH($B82&"|P3",'8_가정'!$A$47:$A$88,0)) -> 0.1 | R82: =INDEX('8_가정'!$C$47:$C$88,MATCH($B82&"|P4",'8_가정'!$A$47:$A$88,0)) -> 0 | S82: =INDEX('8_가정'!$D$47:$D$88,MATCH($B82&"|P4",'8_가정'!$A$47:$A$88,0)) -> 0 | T82: =INDEX('8_가정'!$E$47:$E$88,MATCH($B82&"|P4",'8_가정'!$A$47:$A$88,0)) -> 0 | U82: =INDEX('8_가정'!$F$47:$F$88,MATCH($B82&"|P4",'8_가정'!$A$47:$A$88,0)) -> 0 | V82: =INDEX('8_가정'!$G$47:$G$88,MATCH($B82&"|P4",'8_가정'!$A$47:$A$88,0)) -> 0 | W82: =INDEX('8_가정'!$C$47:$C$88,MATCH($B82&"|P5",'8_가정'!$A$47:$A$88,0)) -> 0 | X82: =INDEX('8_가정'!$D$47:$D$88,MATCH($B82&"|P5",'8_가정'!$A$47:$A$88,0)) -> 0 | Y82: =INDEX('8_가정'!$E$47:$E$88,MATCH($B82&"|P5",'8_가정'!$A$47:$A$88,0)) -> 0 | Z82: =INDEX('8_가정'!$F$47:$F$88,MATCH($B82&"|P5",'8_가정'!$A$47:$A$88,0)) -> 0 | AA82: =INDEX('8_가정'!$G$47:$G$88,MATCH($B82&"|P5",'8_가정'!$A$47:$A$88,0)) -> 0 | AB82: =INDEX('8_가정'!$C$47:$C$88,MATCH($B82&"|P6",'8_가정'!$A$47:$A$88,0)) -> 0 | AC82: =INDEX('8_가정'!$D$47:$D$88,MATCH($B82&"|P6",'8_가정'!$A$47:$A$88,0)) -> 0 | AD82: =INDEX('8_가정'!$E$47:$E$88,MATCH($B82&"|P6",'8_가정'!$A$47:$A$88,0)) -> 0 | AE82: =INDEX('8_가정'!$F$47:$F$88,MATCH($B82&"|P6",'8_가정'!$A$47:$A$88,0)) -> 0 | AF82: =INDEX('8_가정'!$G$47:$G$88,MATCH($B82&"|P6",'8_가정'!$A$47:$A$88,0)) -> 0
A83: ='4_매출_거래처'!D13 -> 기타 B2C — 베이비 | B83: ='4_매출_거래처'!I13 -> BABY | C83: =INDEX('8_가정'!$C$47:$C$88,MATCH($B83&"|P1",'8_가정'!$A$47:$A$88,0)) -> 0.85 | D83: =INDEX('8_가정'!$D$47:$D$88,MATCH($B83&"|P1",'8_가정'!$A$47:$A$88,0)) -> 0.85 | E83: =INDEX('8_가정'!$E$47:$E$88,MATCH($B83&"|P1",'8_가정'!$A$47:$A$88,0)) -> 0.85 | F83: =INDEX('8_가정'!$F$47:$F$88,MATCH($B83&"|P1",'8_가정'!$A$47:$A$88,0)) -> 0.85 | G83: =INDEX('8_가정'!$G$47:$G$88,MATCH($B83&"|P1",'8_가정'!$A$47:$A$88,0)) -> 0.85 | H83: =INDEX('8_가정'!$C$47:$C$88,MATCH($B83&"|P2",'8_가정'!$A$47:$A$88,0)) -> 0.05 | I83: =INDEX('8_가정'!$D$47:$D$88,MATCH($B83&"|P2",'8_가정'!$A$47:$A$88,0)) -> 0.05 | J83: =INDEX('8_가정'!$E$47:$E$88,MATCH($B83&"|P2",'8_가정'!$A$47:$A$88,0)) -> 0.05 | K83: =INDEX('8_가정'!$F$47:$F$88,MATCH($B83&"|P2",'8_가정'!$A$47:$A$88,0)) -> 0.05 | L83: =INDEX('8_가정'!$G$47:$G$88,MATCH($B83&"|P2",'8_가정'!$A$47:$A$88,0)) -> 0.05 | M83: =INDEX('8_가정'!$C$47:$C$88,MATCH($B83&"|P3",'8_가정'!$A$47:$A$88,0)) -> 0.1 | N83: =INDEX('8_가정'!$D$47:$D$88,MATCH($B83&"|P3",'8_가정'!$A$47:$A$88,0)) -> 0.1 | O83: =INDEX('8_가정'!$E$47:$E$88,MATCH($B83&"|P3",'8_가정'!$A$47:$A$88,0)) -> 0.1 | P83: =INDEX('8_가정'!$F$47:$F$88,MATCH($B83&"|P3",'8_가정'!$A$47:$A$88,0)) -> 0.1 | Q83: =INDEX('8_가정'!$G$47:$G$88,MATCH($B83&"|P3",'8_가정'!$A$47:$A$88,0)) -> 0.1 | R83: =INDEX('8_가정'!$C$47:$C$88,MATCH($B83&"|P4",'8_가정'!$A$47:$A$88,0)) -> 0 | S83: =INDEX('8_가정'!$D$47:$D$88,MATCH($B83&"|P4",'8_가정'!$A$47:$A$88,0)) -> 0 | T83: =INDEX('8_가정'!$E$47:$E$88,MATCH($B83&"|P4",'8_가정'!$A$47:$A$88,0)) -> 0 | U83: =INDEX('8_가정'!$F$47:$F$88,MATCH($B83&"|P4",'8_가정'!$A$47:$A$88,0)) -> 0 | V83: =INDEX('8_가정'!$G$47:$G$88,MATCH($B83&"|P4",'8_가정'!$A$47:$A$88,0)) -> 0 | W83: =INDEX('8_가정'!$C$47:$C$88,MATCH($B83&"|P5",'8_가정'!$A$47:$A$88,0)) -> 0 | X83: =INDEX('8_가정'!$D$47:$D$88,MATCH($B83&"|P5",'8_가정'!$A$47:$A$88,0)) -> 0 | Y83: =INDEX('8_가정'!$E$47:$E$88,MATCH($B83&"|P5",'8_가정'!$A$47:$A$88,0)) -> 0 | Z83: =INDEX('8_가정'!$F$47:$F$88,MATCH($B83&"|P5",'8_가정'!$A$47:$A$88,0)) -> 0 | AA83: =INDEX('8_가정'!$G$47:$G$88,MATCH($B83&"|P5",'8_가정'!$A$47:$A$88,0)) -> 0 | AB83: =INDEX('8_가정'!$C$47:$C$88,MATCH($B83&"|P6",'8_가정'!$A$47:$A$88,0)) -> 0 | AC83: =INDEX('8_가정'!$D$47:$D$88,MATCH($B83&"|P6",'8_가정'!$A$47:$A$88,0)) -> 0 | AD83: =INDEX('8_가정'!$E$47:$E$88,MATCH($B83&"|P6",'8_가정'!$A$47:$A$88,0)) -> 0 | AE83: =INDEX('8_가정'!$F$47:$F$88,MATCH($B83&"|P6",'8_가정'!$A$47:$A$88,0)) -> 0 | AF83: =INDEX('8_가정'!$G$47:$G$88,MATCH($B83&"|P6",'8_가정'!$A$47:$A$88,0)) -> 0
A84: ='4_매출_거래처'!D14 -> B2B(국내) — 베이비 | B84: ='4_매출_거래처'!I14 -> BABY | C84: =INDEX('8_가정'!$C$47:$C$88,MATCH($B84&"|P1",'8_가정'!$A$47:$A$88,0)) -> 0.85 | D84: =INDEX('8_가정'!$D$47:$D$88,MATCH($B84&"|P1",'8_가정'!$A$47:$A$88,0)) -> 0.85 | E84: =INDEX('8_가정'!$E$47:$E$88,MATCH($B84&"|P1",'8_가정'!$A$47:$A$88,0)) -> 0.85 | F84: =INDEX('8_가정'!$F$47:$F$88,MATCH($B84&"|P1",'8_가정'!$A$47:$A$88,0)) -> 0.85 | G84: =INDEX('8_가정'!$G$47:$G$88,MATCH($B84&"|P1",'8_가정'!$A$47:$A$88,0)) -> 0.85 | H84: =INDEX('8_가정'!$C$47:$C$88,MATCH($B84&"|P2",'8_가정'!$A$47:$A$88,0)) -> 0.05 | I84: =INDEX('8_가정'!$D$47:$D$88,MATCH($B84&"|P2",'8_가정'!$A$47:$A$88,0)) -> 0.05 | J84: =INDEX('8_가정'!$E$47:$E$88,MATCH($B84&"|P2",'8_가정'!$A$47:$A$88,0)) -> 0.05 | K84: =INDEX('8_가정'!$F$47:$F$88,MATCH($B84&"|P2",'8_가정'!$A$47:$A$88,0)) -> 0.05 | L84: =INDEX('8_가정'!$G$47:$G$88,MATCH($B84&"|P2",'8_가정'!$A$47:$A$88,0)) -> 0.05 | M84: =INDEX('8_가정'!$C$47:$C$88,MATCH($B84&"|P3",'8_가정'!$A$47:$A$88,0)) -> 0.1 | N84: =INDEX('8_가정'!$D$47:$D$88,MATCH($B84&"|P3",'8_가정'!$A$47:$A$88,0)) -> 0.1 | O84: =INDEX('8_가정'!$E$47:$E$88,MATCH($B84&"|P3",'8_가정'!$A$47:$A$88,0)) -> 0.1 | P84: =INDEX('8_가정'!$F$47:$F$88,MATCH($B84&"|P3",'8_가정'!$A$47:$A$88,0)) -> 0.1 | Q84: =INDEX('8_가정'!$G$47:$G$88,MATCH($B84&"|P3",'8_가정'!$A$47:$A$88,0)) -> 0.1 | R84: =INDEX('8_가정'!$C$47:$C$88,MATCH($B84&"|P4",'8_가정'!$A$47:$A$88,0)) -> 0 | S84: =INDEX('8_가정'!$D$47:$D$88,MATCH($B84&"|P4",'8_가정'!$A$47:$A$88,0)) -> 0 | T84: =INDEX('8_가정'!$E$47:$E$88,MATCH($B84&"|P4",'8_가정'!$A$47:$A$88,0)) -> 0 | U84: =INDEX('8_가정'!$F$47:$F$88,MATCH($B84&"|P4",'8_가정'!$A$47:$A$88,0)) -> 0 | V84: =INDEX('8_가정'!$G$47:$G$88,MATCH($B84&"|P4",'8_가정'!$A$47:$A$88,0)) -> 0 | W84: =INDEX('8_가정'!$C$47:$C$88,MATCH($B84&"|P5",'8_가정'!$A$47:$A$88,0)) -> 0 | X84: =INDEX('8_가정'!$D$47:$D$88,MATCH($B84&"|P5",'8_가정'!$A$47:$A$88,0)) -> 0 | Y84: =INDEX('8_가정'!$E$47:$E$88,MATCH($B84&"|P5",'8_가정'!$A$47:$A$88,0)) -> 0 | Z84: =INDEX('8_가정'!$F$47:$F$88,MATCH($B84&"|P5",'8_가정'!$A$47:$A$88,0)) -> 0 | AA84: =INDEX('8_가정'!$G$47:$G$88,MATCH($B84&"|P5",'8_가정'!$A$47:$A$88,0)) -> 0 | AB84: =INDEX('8_가정'!$C$47:$C$88,MATCH($B84&"|P6",'8_가정'!$A$47:$A$88,0)) -> 0 | AC84: =INDEX('8_가정'!$D$47:$D$88,MATCH($B84&"|P6",'8_가정'!$A$47:$A$88,0)) -> 0 | AD84: =INDEX('8_가정'!$E$47:$E$88,MATCH($B84&"|P6",'8_가정'!$A$47:$A$88,0)) -> 0 | AE84: =INDEX('8_가정'!$F$47:$F$88,MATCH($B84&"|P6",'8_가정'!$A$47:$A$88,0)) -> 0 | AF84: =INDEX('8_가정'!$G$47:$G$88,MATCH($B84&"|P6",'8_가정'!$A$47:$A$88,0)) -> 0
A85: ='4_매출_거래처'!D15 -> APP KOREA — 유아(스마트 베이비 기저귀) | B85: ='4_매출_거래처'!I15 -> BABY | C85: =INDEX('8_가정'!$C$47:$C$88,MATCH($B85&"|P1",'8_가정'!$A$47:$A$88,0)) -> 0.85 | D85: =INDEX('8_가정'!$D$47:$D$88,MATCH($B85&"|P1",'8_가정'!$A$47:$A$88,0)) -> 0.85 | E85: =INDEX('8_가정'!$E$47:$E$88,MATCH($B85&"|P1",'8_가정'!$A$47:$A$88,0)) -> 0.85 | F85: =INDEX('8_가정'!$F$47:$F$88,MATCH($B85&"|P1",'8_가정'!$A$47:$A$88,0)) -> 0.85 | G85: =INDEX('8_가정'!$G$47:$G$88,MATCH($B85&"|P1",'8_가정'!$A$47:$A$88,0)) -> 0.85 | H85: =INDEX('8_가정'!$C$47:$C$88,MATCH($B85&"|P2",'8_가정'!$A$47:$A$88,0)) -> 0.05 | I85: =INDEX('8_가정'!$D$47:$D$88,MATCH($B85&"|P2",'8_가정'!$A$47:$A$88,0)) -> 0.05 | J85: =INDEX('8_가정'!$E$47:$E$88,MATCH($B85&"|P2",'8_가정'!$A$47:$A$88,0)) -> 0.05 | K85: =INDEX('8_가정'!$F$47:$F$88,MATCH($B85&"|P2",'8_가정'!$A$47:$A$88,0)) -> 0.05 | L85: =INDEX('8_가정'!$G$47:$G$88,MATCH($B85&"|P2",'8_가정'!$A$47:$A$88,0)) -> 0.05 | M85: =INDEX('8_가정'!$C$47:$C$88,MATCH($B85&"|P3",'8_가정'!$A$47:$A$88,0)) -> 0.1 | N85: =INDEX('8_가정'!$D$47:$D$88,MATCH($B85&"|P3",'8_가정'!$A$47:$A$88,0)) -> 0.1 | O85: =INDEX('8_가정'!$E$47:$E$88,MATCH($B85&"|P3",'8_가정'!$A$47:$A$88,0)) -> 0.1 | P85: =INDEX('8_가정'!$F$47:$F$88,MATCH($B85&"|P3",'8_가정'!$A$47:$A$88,0)) -> 0.1 | Q85: =INDEX('8_가정'!$G$47:$G$88,MATCH($B85&"|P3",'8_가정'!$A$47:$A$88,0)) -> 0.1 | R85: =INDEX('8_가정'!$C$47:$C$88,MATCH($B85&"|P4",'8_가정'!$A$47:$A$88,0)) -> 0 | S85: =INDEX('8_가정'!$D$47:$D$88,MATCH($B85&"|P4",'8_가정'!$A$47:$A$88,0)) -> 0 | T85: =INDEX('8_가정'!$E$47:$E$88,MATCH($B85&"|P4",'8_가정'!$A$47:$A$88,0)) -> 0 | U85: =INDEX('8_가정'!$F$47:$F$88,MATCH($B85&"|P4",'8_가정'!$A$47:$A$88,0)) -> 0 | V85: =INDEX('8_가정'!$G$47:$G$88,MATCH($B85&"|P4",'8_가정'!$A$47:$A$88,0)) -> 0 | W85: =INDEX('8_가정'!$C$47:$C$88,MATCH($B85&"|P5",'8_가정'!$A$47:$A$88,0)) -> 0 | X85: =INDEX('8_가정'!$D$47:$D$88,MATCH($B85&"|P5",'8_가정'!$A$47:$A$88,0)) -> 0 | Y85: =INDEX('8_가정'!$E$47:$E$88,MATCH($B85&"|P5",'8_가정'!$A$47:$A$88,0)) -> 0 | Z85: =INDEX('8_가정'!$F$47:$F$88,MATCH($B85&"|P5",'8_가정'!$A$47:$A$88,0)) -> 0 | AA85: =INDEX('8_가정'!$G$47:$G$88,MATCH($B85&"|P5",'8_가정'!$A$47:$A$88,0)) -> 0 | AB85: =INDEX('8_가정'!$C$47:$C$88,MATCH($B85&"|P6",'8_가정'!$A$47:$A$88,0)) -> 0 | AC85: =INDEX('8_가정'!$D$47:$D$88,MATCH($B85&"|P6",'8_가정'!$A$47:$A$88,0)) -> 0 | AD85: =INDEX('8_가정'!$E$47:$E$88,MATCH($B85&"|P6",'8_가정'!$A$47:$A$88,0)) -> 0 | AE85: =INDEX('8_가정'!$F$47:$F$88,MATCH($B85&"|P6",'8_가정'!$A$47:$A$88,0)) -> 0 | AF85: =INDEX('8_가정'!$G$47:$G$88,MATCH($B85&"|P6",'8_가정'!$A$47:$A$88,0)) -> 0
A86: ='4_매출_거래처'!D16 -> Little Loft(대만, 베이비) | B86: ='4_매출_거래처'!I16 -> BABY | C86: =INDEX('8_가정'!$C$47:$C$88,MATCH($B86&"|P1",'8_가정'!$A$47:$A$88,0)) -> 0.85 | D86: =INDEX('8_가정'!$D$47:$D$88,MATCH($B86&"|P1",'8_가정'!$A$47:$A$88,0)) -> 0.85 | E86: =INDEX('8_가정'!$E$47:$E$88,MATCH($B86&"|P1",'8_가정'!$A$47:$A$88,0)) -> 0.85 | F86: =INDEX('8_가정'!$F$47:$F$88,MATCH($B86&"|P1",'8_가정'!$A$47:$A$88,0)) -> 0.85 | G86: =INDEX('8_가정'!$G$47:$G$88,MATCH($B86&"|P1",'8_가정'!$A$47:$A$88,0)) -> 0.85 | H86: =INDEX('8_가정'!$C$47:$C$88,MATCH($B86&"|P2",'8_가정'!$A$47:$A$88,0)) -> 0.05 | I86: =INDEX('8_가정'!$D$47:$D$88,MATCH($B86&"|P2",'8_가정'!$A$47:$A$88,0)) -> 0.05 | J86: =INDEX('8_가정'!$E$47:$E$88,MATCH($B86&"|P2",'8_가정'!$A$47:$A$88,0)) -> 0.05 | K86: =INDEX('8_가정'!$F$47:$F$88,MATCH($B86&"|P2",'8_가정'!$A$47:$A$88,0)) -> 0.05 | L86: =INDEX('8_가정'!$G$47:$G$88,MATCH($B86&"|P2",'8_가정'!$A$47:$A$88,0)) -> 0.05 | M86: =INDEX('8_가정'!$C$47:$C$88,MATCH($B86&"|P3",'8_가정'!$A$47:$A$88,0)) -> 0.1 | N86: =INDEX('8_가정'!$D$47:$D$88,MATCH($B86&"|P3",'8_가정'!$A$47:$A$88,0)) -> 0.1 | O86: =INDEX('8_가정'!$E$47:$E$88,MATCH($B86&"|P3",'8_가정'!$A$47:$A$88,0)) -> 0.1 | P86: =INDEX('8_가정'!$F$47:$F$88,MATCH($B86&"|P3",'8_가정'!$A$47:$A$88,0)) -> 0.1 | Q86: =INDEX('8_가정'!$G$47:$G$88,MATCH($B86&"|P3",'8_가정'!$A$47:$A$88,0)) -> 0.1 | R86: =INDEX('8_가정'!$C$47:$C$88,MATCH($B86&"|P4",'8_가정'!$A$47:$A$88,0)) -> 0 | S86: =INDEX('8_가정'!$D$47:$D$88,MATCH($B86&"|P4",'8_가정'!$A$47:$A$88,0)) -> 0 | T86: =INDEX('8_가정'!$E$47:$E$88,MATCH($B86&"|P4",'8_가정'!$A$47:$A$88,0)) -> 0 | U86: =INDEX('8_가정'!$F$47:$F$88,MATCH($B86&"|P4",'8_가정'!$A$47:$A$88,0)) -> 0 | V86: =INDEX('8_가정'!$G$47:$G$88,MATCH($B86&"|P4",'8_가정'!$A$47:$A$88,0)) -> 0 | W86: =INDEX('8_가정'!$C$47:$C$88,MATCH($B86&"|P5",'8_가정'!$A$47:$A$88,0)) -> 0 | X86: =INDEX('8_가정'!$D$47:$D$88,MATCH($B86&"|P5",'8_가정'!$A$47:$A$88,0)) -> 0 | Y86: =INDEX('8_가정'!$E$47:$E$88,MATCH($B86&"|P5",'8_가정'!$A$47:$A$88,0)) -> 0 | Z86: =INDEX('8_가정'!$F$47:$F$88,MATCH($B86&"|P5",'8_가정'!$A$47:$A$88,0)) -> 0 | AA86: =INDEX('8_가정'!$G$47:$G$88,MATCH($B86&"|P5",'8_가정'!$A$47:$A$88,0)) -> 0 | AB86: =INDEX('8_가정'!$C$47:$C$88,MATCH($B86&"|P6",'8_가정'!$A$47:$A$88,0)) -> 0 | AC86: =INDEX('8_가정'!$D$47:$D$88,MATCH($B86&"|P6",'8_가정'!$A$47:$A$88,0)) -> 0 | AD86: =INDEX('8_가정'!$E$47:$E$88,MATCH($B86&"|P6",'8_가정'!$A$47:$A$88,0)) -> 0 | AE86: =INDEX('8_가정'!$F$47:$F$88,MATCH($B86&"|P6",'8_가정'!$A$47:$A$88,0)) -> 0 | AF86: =INDEX('8_가정'!$G$47:$G$88,MATCH($B86&"|P6",'8_가정'!$A$47:$A$88,0)) -> 0
A87: ='4_매출_거래처'!D17 -> Punnita House(태국, 베이비) | B87: ='4_매출_거래처'!I17 -> BABY | C87: =INDEX('8_가정'!$C$47:$C$88,MATCH($B87&"|P1",'8_가정'!$A$47:$A$88,0)) -> 0.85 | D87: =INDEX('8_가정'!$D$47:$D$88,MATCH($B87&"|P1",'8_가정'!$A$47:$A$88,0)) -> 0.85 | E87: =INDEX('8_가정'!$E$47:$E$88,MATCH($B87&"|P1",'8_가정'!$A$47:$A$88,0)) -> 0.85 | F87: =INDEX('8_가정'!$F$47:$F$88,MATCH($B87&"|P1",'8_가정'!$A$47:$A$88,0)) -> 0.85 | G87: =INDEX('8_가정'!$G$47:$G$88,MATCH($B87&"|P1",'8_가정'!$A$47:$A$88,0)) -> 0.85 | H87: =INDEX('8_가정'!$C$47:$C$88,MATCH($B87&"|P2",'8_가정'!$A$47:$A$88,0)) -> 0.05 | I87: =INDEX('8_가정'!$D$47:$D$88,MATCH($B87&"|P2",'8_가정'!$A$47:$A$88,0)) -> 0.05 | J87: =INDEX('8_가정'!$E$47:$E$88,MATCH($B87&"|P2",'8_가정'!$A$47:$A$88,0)) -> 0.05 | K87: =INDEX('8_가정'!$F$47:$F$88,MATCH($B87&"|P2",'8_가정'!$A$47:$A$88,0)) -> 0.05 | L87: =INDEX('8_가정'!$G$47:$G$88,MATCH($B87&"|P2",'8_가정'!$A$47:$A$88,0)) -> 0.05 | M87: =INDEX('8_가정'!$C$47:$C$88,MATCH($B87&"|P3",'8_가정'!$A$47:$A$88,0)) -> 0.1 | N87: =INDEX('8_가정'!$D$47:$D$88,MATCH($B87&"|P3",'8_가정'!$A$47:$A$88,0)) -> 0.1 | O87: =INDEX('8_가정'!$E$47:$E$88,MATCH($B87&"|P3",'8_가정'!$A$47:$A$88,0)) -> 0.1 | P87: =INDEX('8_가정'!$F$47:$F$88,MATCH($B87&"|P3",'8_가정'!$A$47:$A$88,0)) -> 0.1 | Q87: =INDEX('8_가정'!$G$47:$G$88,MATCH($B87&"|P3",'8_가정'!$A$47:$A$88,0)) -> 0.1 | R87: =INDEX('8_가정'!$C$47:$C$88,MATCH($B87&"|P4",'8_가정'!$A$47:$A$88,0)) -> 0 | S87: =INDEX('8_가정'!$D$47:$D$88,MATCH($B87&"|P4",'8_가정'!$A$47:$A$88,0)) -> 0 | T87: =INDEX('8_가정'!$E$47:$E$88,MATCH($B87&"|P4",'8_가정'!$A$47:$A$88,0)) -> 0 | U87: =INDEX('8_가정'!$F$47:$F$88,MATCH($B87&"|P4",'8_가정'!$A$47:$A$88,0)) -> 0 | V87: =INDEX('8_가정'!$G$47:$G$88,MATCH($B87&"|P4",'8_가정'!$A$47:$A$88,0)) -> 0 | W87: =INDEX('8_가정'!$C$47:$C$88,MATCH($B87&"|P5",'8_가정'!$A$47:$A$88,0)) -> 0 | X87: =INDEX('8_가정'!$D$47:$D$88,MATCH($B87&"|P5",'8_가정'!$A$47:$A$88,0)) -> 0 | Y87: =INDEX('8_가정'!$E$47:$E$88,MATCH($B87&"|P5",'8_가정'!$A$47:$A$88,0)) -> 0 | Z87: =INDEX('8_가정'!$F$47:$F$88,MATCH($B87&"|P5",'8_가정'!$A$47:$A$88,0)) -> 0 | AA87: =INDEX('8_가정'!$G$47:$G$88,MATCH($B87&"|P5",'8_가정'!$A$47:$A$88,0)) -> 0 | AB87: =INDEX('8_가정'!$C$47:$C$88,MATCH($B87&"|P6",'8_가정'!$A$47:$A$88,0)) -> 0 | AC87: =INDEX('8_가정'!$D$47:$D$88,MATCH($B87&"|P6",'8_가정'!$A$47:$A$88,0)) -> 0 | AD87: =INDEX('8_가정'!$E$47:$E$88,MATCH($B87&"|P6",'8_가정'!$A$47:$A$88,0)) -> 0 | AE87: =INDEX('8_가정'!$F$47:$F$88,MATCH($B87&"|P6",'8_가정'!$A$47:$A$88,0)) -> 0 | AF87: =INDEX('8_가정'!$G$47:$G$88,MATCH($B87&"|P6",'8_가정'!$A$47:$A$88,0)) -> 0
A88: ='4_매출_거래처'!D18 -> 신규 거래선-1 Swara Baby(베이비) | B88: ='4_매출_거래처'!I18 -> BABY | C88: =INDEX('8_가정'!$C$47:$C$88,MATCH($B88&"|P1",'8_가정'!$A$47:$A$88,0)) -> 0.85 | D88: =INDEX('8_가정'!$D$47:$D$88,MATCH($B88&"|P1",'8_가정'!$A$47:$A$88,0)) -> 0.85 | E88: =INDEX('8_가정'!$E$47:$E$88,MATCH($B88&"|P1",'8_가정'!$A$47:$A$88,0)) -> 0.85 | F88: =INDEX('8_가정'!$F$47:$F$88,MATCH($B88&"|P1",'8_가정'!$A$47:$A$88,0)) -> 0.85 | G88: =INDEX('8_가정'!$G$47:$G$88,MATCH($B88&"|P1",'8_가정'!$A$47:$A$88,0)) -> 0.85 | H88: =INDEX('8_가정'!$C$47:$C$88,MATCH($B88&"|P2",'8_가정'!$A$47:$A$88,0)) -> 0.05 | I88: =INDEX('8_가정'!$D$47:$D$88,MATCH($B88&"|P2",'8_가정'!$A$47:$A$88,0)) -> 0.05 | J88: =INDEX('8_가정'!$E$47:$E$88,MATCH($B88&"|P2",'8_가정'!$A$47:$A$88,0)) -> 0.05 | K88: =INDEX('8_가정'!$F$47:$F$88,MATCH($B88&"|P2",'8_가정'!$A$47:$A$88,0)) -> 0.05 | L88: =INDEX('8_가정'!$G$47:$G$88,MATCH($B88&"|P2",'8_가정'!$A$47:$A$88,0)) -> 0.05 | M88: =INDEX('8_가정'!$C$47:$C$88,MATCH($B88&"|P3",'8_가정'!$A$47:$A$88,0)) -> 0.1 | N88: =INDEX('8_가정'!$D$47:$D$88,MATCH($B88&"|P3",'8_가정'!$A$47:$A$88,0)) -> 0.1 | O88: =INDEX('8_가정'!$E$47:$E$88,MATCH($B88&"|P3",'8_가정'!$A$47:$A$88,0)) -> 0.1 | P88: =INDEX('8_가정'!$F$47:$F$88,MATCH($B88&"|P3",'8_가정'!$A$47:$A$88,0)) -> 0.1 | Q88: =INDEX('8_가정'!$G$47:$G$88,MATCH($B88&"|P3",'8_가정'!$A$47:$A$88,0)) -> 0.1 | R88: =INDEX('8_가정'!$C$47:$C$88,MATCH($B88&"|P4",'8_가정'!$A$47:$A$88,0)) -> 0 | S88: =INDEX('8_가정'!$D$47:$D$88,MATCH($B88&"|P4",'8_가정'!$A$47:$A$88,0)) -> 0 | T88: =INDEX('8_가정'!$E$47:$E$88,MATCH($B88&"|P4",'8_가정'!$A$47:$A$88,0)) -> 0 | U88: =INDEX('8_가정'!$F$47:$F$88,MATCH($B88&"|P4",'8_가정'!$A$47:$A$88,0)) -> 0 | V88: =INDEX('8_가정'!$G$47:$G$88,MATCH($B88&"|P4",'8_가정'!$A$47:$A$88,0)) -> 0 | W88: =INDEX('8_가정'!$C$47:$C$88,MATCH($B88&"|P5",'8_가정'!$A$47:$A$88,0)) -> 0 | X88: =INDEX('8_가정'!$D$47:$D$88,MATCH($B88&"|P5",'8_가정'!$A$47:$A$88,0)) -> 0 | Y88: =INDEX('8_가정'!$E$47:$E$88,MATCH($B88&"|P5",'8_가정'!$A$47:$A$88,0)) -> 0 | Z88: =INDEX('8_가정'!$F$47:$F$88,MATCH($B88&"|P5",'8_가정'!$A$47:$A$88,0)) -> 0 | AA88: =INDEX('8_가정'!$G$47:$G$88,MATCH($B88&"|P5",'8_가정'!$A$47:$A$88,0)) -> 0 | AB88: =INDEX('8_가정'!$C$47:$C$88,MATCH($B88&"|P6",'8_가정'!$A$47:$A$88,0)) -> 0 | AC88: =INDEX('8_가정'!$D$47:$D$88,MATCH($B88&"|P6",'8_가정'!$A$47:$A$88,0)) -> 0 | AD88: =INDEX('8_가정'!$E$47:$E$88,MATCH($B88&"|P6",'8_가정'!$A$47:$A$88,0)) -> 0 | AE88: =INDEX('8_가정'!$F$47:$F$88,MATCH($B88&"|P6",'8_가정'!$A$47:$A$88,0)) -> 0 | AF88: =INDEX('8_가정'!$G$47:$G$88,MATCH($B88&"|P6",'8_가정'!$A$47:$A$88,0)) -> 0
A89: ='4_매출_거래처'!D19 -> 신규 거래선-2(베이비) | B89: ='4_매출_거래처'!I19 -> BABY | C89: =INDEX('8_가정'!$C$47:$C$88,MATCH($B89&"|P1",'8_가정'!$A$47:$A$88,0)) -> 0.85 | D89: =INDEX('8_가정'!$D$47:$D$88,MATCH($B89&"|P1",'8_가정'!$A$47:$A$88,0)) -> 0.85 | E89: =INDEX('8_가정'!$E$47:$E$88,MATCH($B89&"|P1",'8_가정'!$A$47:$A$88,0)) -> 0.85 | F89: =INDEX('8_가정'!$F$47:$F$88,MATCH($B89&"|P1",'8_가정'!$A$47:$A$88,0)) -> 0.85 | G89: =INDEX('8_가정'!$G$47:$G$88,MATCH($B89&"|P1",'8_가정'!$A$47:$A$88,0)) -> 0.85 | H89: =INDEX('8_가정'!$C$47:$C$88,MATCH($B89&"|P2",'8_가정'!$A$47:$A$88,0)) -> 0.05 | I89: =INDEX('8_가정'!$D$47:$D$88,MATCH($B89&"|P2",'8_가정'!$A$47:$A$88,0)) -> 0.05 | J89: =INDEX('8_가정'!$E$47:$E$88,MATCH($B89&"|P2",'8_가정'!$A$47:$A$88,0)) -> 0.05 | K89: =INDEX('8_가정'!$F$47:$F$88,MATCH($B89&"|P2",'8_가정'!$A$47:$A$88,0)) -> 0.05 | L89: =INDEX('8_가정'!$G$47:$G$88,MATCH($B89&"|P2",'8_가정'!$A$47:$A$88,0)) -> 0.05 | M89: =INDEX('8_가정'!$C$47:$C$88,MATCH($B89&"|P3",'8_가정'!$A$47:$A$88,0)) -> 0.1 | N89: =INDEX('8_가정'!$D$47:$D$88,MATCH($B89&"|P3",'8_가정'!$A$47:$A$88,0)) -> 0.1 | O89: =INDEX('8_가정'!$E$47:$E$88,MATCH($B89&"|P3",'8_가정'!$A$47:$A$88,0)) -> 0.1 | P89: =INDEX('8_가정'!$F$47:$F$88,MATCH($B89&"|P3",'8_가정'!$A$47:$A$88,0)) -> 0.1 | Q89: =INDEX('8_가정'!$G$47:$G$88,MATCH($B89&"|P3",'8_가정'!$A$47:$A$88,0)) -> 0.1 | R89: =INDEX('8_가정'!$C$47:$C$88,MATCH($B89&"|P4",'8_가정'!$A$47:$A$88,0)) -> 0 | S89: =INDEX('8_가정'!$D$47:$D$88,MATCH($B89&"|P4",'8_가정'!$A$47:$A$88,0)) -> 0 | T89: =INDEX('8_가정'!$E$47:$E$88,MATCH($B89&"|P4",'8_가정'!$A$47:$A$88,0)) -> 0 | U89: =INDEX('8_가정'!$F$47:$F$88,MATCH($B89&"|P4",'8_가정'!$A$47:$A$88,0)) -> 0 | V89: =INDEX('8_가정'!$G$47:$G$88,MATCH($B89&"|P4",'8_가정'!$A$47:$A$88,0)) -> 0 | W89: =INDEX('8_가정'!$C$47:$C$88,MATCH($B89&"|P5",'8_가정'!$A$47:$A$88,0)) -> 0 | X89: =INDEX('8_가정'!$D$47:$D$88,MATCH($B89&"|P5",'8_가정'!$A$47:$A$88,0)) -> 0 | Y89: =INDEX('8_가정'!$E$47:$E$88,MATCH($B89&"|P5",'8_가정'!$A$47:$A$88,0)) -> 0 | Z89: =INDEX('8_가정'!$F$47:$F$88,MATCH($B89&"|P5",'8_가정'!$A$47:$A$88,0)) -> 0 | AA89: =INDEX('8_가정'!$G$47:$G$88,MATCH($B89&"|P5",'8_가정'!$A$47:$A$88,0)) -> 0 | AB89: =INDEX('8_가정'!$C$47:$C$88,MATCH($B89&"|P6",'8_가정'!$A$47:$A$88,0)) -> 0 | AC89: =INDEX('8_가정'!$D$47:$D$88,MATCH($B89&"|P6",'8_가정'!$A$47:$A$88,0)) -> 0 | AD89: =INDEX('8_가정'!$E$47:$E$88,MATCH($B89&"|P6",'8_가정'!$A$47:$A$88,0)) -> 0 | AE89: =INDEX('8_가정'!$F$47:$F$88,MATCH($B89&"|P6",'8_가정'!$A$47:$A$88,0)) -> 0 | AF89: =INDEX('8_가정'!$G$47:$G$88,MATCH($B89&"|P6",'8_가정'!$A$47:$A$88,0)) -> 0
A90: ='4_매출_거래처'!D20 -> 삼성노블카운티 | B90: ='4_매출_거래처'!I20 -> SUB | C90: =INDEX('8_가정'!$C$47:$C$88,MATCH($B90&"|P1",'8_가정'!$A$47:$A$88,0)) -> 0.8 | D90: =INDEX('8_가정'!$D$47:$D$88,MATCH($B90&"|P1",'8_가정'!$A$47:$A$88,0)) -> 0.78 | E90: =INDEX('8_가정'!$E$47:$E$88,MATCH($B90&"|P1",'8_가정'!$A$47:$A$88,0)) -> 0.74 | F90: =INDEX('8_가정'!$F$47:$F$88,MATCH($B90&"|P1",'8_가정'!$A$47:$A$88,0)) -> 0.7 | G90: =INDEX('8_가정'!$G$47:$G$88,MATCH($B90&"|P1",'8_가정'!$A$47:$A$88,0)) -> 0.67 | H90: =INDEX('8_가정'!$C$47:$C$88,MATCH($B90&"|P2",'8_가정'!$A$47:$A$88,0)) -> 0.08 | I90: =INDEX('8_가정'!$D$47:$D$88,MATCH($B90&"|P2",'8_가정'!$A$47:$A$88,0)) -> 0.08 | J90: =INDEX('8_가정'!$E$47:$E$88,MATCH($B90&"|P2",'8_가정'!$A$47:$A$88,0)) -> 0.08 | K90: =INDEX('8_가정'!$F$47:$F$88,MATCH($B90&"|P2",'8_가정'!$A$47:$A$88,0)) -> 0.08 | L90: =INDEX('8_가정'!$G$47:$G$88,MATCH($B90&"|P2",'8_가정'!$A$47:$A$88,0)) -> 0.08 | M90: =INDEX('8_가정'!$C$47:$C$88,MATCH($B90&"|P3",'8_가정'!$A$47:$A$88,0)) -> 0.12 | N90: =INDEX('8_가정'!$D$47:$D$88,MATCH($B90&"|P3",'8_가정'!$A$47:$A$88,0)) -> 0.11 | O90: =INDEX('8_가정'!$E$47:$E$88,MATCH($B90&"|P3",'8_가정'!$A$47:$A$88,0)) -> 0.12 | P90: =INDEX('8_가정'!$F$47:$F$88,MATCH($B90&"|P3",'8_가정'!$A$47:$A$88,0)) -> 0.12 | Q90: =INDEX('8_가정'!$G$47:$G$88,MATCH($B90&"|P3",'8_가정'!$A$47:$A$88,0)) -> 0.12 | R90: =INDEX('8_가정'!$C$47:$C$88,MATCH($B90&"|P4",'8_가정'!$A$47:$A$88,0)) -> 0 | S90: =INDEX('8_가정'!$D$47:$D$88,MATCH($B90&"|P4",'8_가정'!$A$47:$A$88,0)) -> 0.03 | T90: =INDEX('8_가정'!$E$47:$E$88,MATCH($B90&"|P4",'8_가정'!$A$47:$A$88,0)) -> 0.05 | U90: =INDEX('8_가정'!$F$47:$F$88,MATCH($B90&"|P4",'8_가정'!$A$47:$A$88,0)) -> 0.07 | V90: =INDEX('8_가정'!$G$47:$G$88,MATCH($B90&"|P4",'8_가정'!$A$47:$A$88,0)) -> 0.09 | W90: =INDEX('8_가정'!$C$47:$C$88,MATCH($B90&"|P5",'8_가정'!$A$47:$A$88,0)) -> 0 | X90: =INDEX('8_가정'!$D$47:$D$88,MATCH($B90&"|P5",'8_가정'!$A$47:$A$88,0)) -> 0 | Y90: =INDEX('8_가정'!$E$47:$E$88,MATCH($B90&"|P5",'8_가정'!$A$47:$A$88,0)) -> 0.01 | Z90: =INDEX('8_가정'!$F$47:$F$88,MATCH($B90&"|P5",'8_가정'!$A$47:$A$88,0)) -> 0.03 | AA90: =INDEX('8_가정'!$G$47:$G$88,MATCH($B90&"|P5",'8_가정'!$A$47:$A$88,0)) -> 0.04 | AB90: =INDEX('8_가정'!$C$47:$C$88,MATCH($B90&"|P6",'8_가정'!$A$47:$A$88,0)) -> 0 | AC90: =INDEX('8_가정'!$D$47:$D$88,MATCH($B90&"|P6",'8_가정'!$A$47:$A$88,0)) -> 0 | AD90: =INDEX('8_가정'!$E$47:$E$88,MATCH($B90&"|P6",'8_가정'!$A$47:$A$88,0)) -> 0 | AE90: =INDEX('8_가정'!$F$47:$F$88,MATCH($B90&"|P6",'8_가정'!$A$47:$A$88,0)) -> 0 | AF90: =INDEX('8_가정'!$G$47:$G$88,MATCH($B90&"|P6",'8_가정'!$A$47:$A$88,0)) -> 0
A91: ='4_매출_거래처'!D21 -> 국내 요양병원·시설 구독 매출 | B91: ='4_매출_거래처'!I21 -> SUB | C91: =INDEX('8_가정'!$C$47:$C$88,MATCH($B91&"|P1",'8_가정'!$A$47:$A$88,0)) -> 0.8 | D91: =INDEX('8_가정'!$D$47:$D$88,MATCH($B91&"|P1",'8_가정'!$A$47:$A$88,0)) -> 0.78 | E91: =INDEX('8_가정'!$E$47:$E$88,MATCH($B91&"|P1",'8_가정'!$A$47:$A$88,0)) -> 0.74 | F91: =INDEX('8_가정'!$F$47:$F$88,MATCH($B91&"|P1",'8_가정'!$A$47:$A$88,0)) -> 0.7 | G91: =INDEX('8_가정'!$G$47:$G$88,MATCH($B91&"|P1",'8_가정'!$A$47:$A$88,0)) -> 0.67 | H91: =INDEX('8_가정'!$C$47:$C$88,MATCH($B91&"|P2",'8_가정'!$A$47:$A$88,0)) -> 0.08 | I91: =INDEX('8_가정'!$D$47:$D$88,MATCH($B91&"|P2",'8_가정'!$A$47:$A$88,0)) -> 0.08 | J91: =INDEX('8_가정'!$E$47:$E$88,MATCH($B91&"|P2",'8_가정'!$A$47:$A$88,0)) -> 0.08 | K91: =INDEX('8_가정'!$F$47:$F$88,MATCH($B91&"|P2",'8_가정'!$A$47:$A$88,0)) -> 0.08 | L91: =INDEX('8_가정'!$G$47:$G$88,MATCH($B91&"|P2",'8_가정'!$A$47:$A$88,0)) -> 0.08 | M91: =INDEX('8_가정'!$C$47:$C$88,MATCH($B91&"|P3",'8_가정'!$A$47:$A$88,0)) -> 0.12 | N91: =INDEX('8_가정'!$D$47:$D$88,MATCH($B91&"|P3",'8_가정'!$A$47:$A$88,0)) -> 0.11 | O91: =INDEX('8_가정'!$E$47:$E$88,MATCH($B91&"|P3",'8_가정'!$A$47:$A$88,0)) -> 0.12 | P91: =INDEX('8_가정'!$F$47:$F$88,MATCH($B91&"|P3",'8_가정'!$A$47:$A$88,0)) -> 0.12 | Q91: =INDEX('8_가정'!$G$47:$G$88,MATCH($B91&"|P3",'8_가정'!$A$47:$A$88,0)) -> 0.12 | R91: =INDEX('8_가정'!$C$47:$C$88,MATCH($B91&"|P4",'8_가정'!$A$47:$A$88,0)) -> 0 | S91: =INDEX('8_가정'!$D$47:$D$88,MATCH($B91&"|P4",'8_가정'!$A$47:$A$88,0)) -> 0.03 | T91: =INDEX('8_가정'!$E$47:$E$88,MATCH($B91&"|P4",'8_가정'!$A$47:$A$88,0)) -> 0.05 | U91: =INDEX('8_가정'!$F$47:$F$88,MATCH($B91&"|P4",'8_가정'!$A$47:$A$88,0)) -> 0.07 | V91: =INDEX('8_가정'!$G$47:$G$88,MATCH($B91&"|P4",'8_가정'!$A$47:$A$88,0)) -> 0.09 | W91: =INDEX('8_가정'!$C$47:$C$88,MATCH($B91&"|P5",'8_가정'!$A$47:$A$88,0)) -> 0 | X91: =INDEX('8_가정'!$D$47:$D$88,MATCH($B91&"|P5",'8_가정'!$A$47:$A$88,0)) -> 0 | Y91: =INDEX('8_가정'!$E$47:$E$88,MATCH($B91&"|P5",'8_가정'!$A$47:$A$88,0)) -> 0.01 | Z91: =INDEX('8_가정'!$F$47:$F$88,MATCH($B91&"|P5",'8_가정'!$A$47:$A$88,0)) -> 0.03 | AA91: =INDEX('8_가정'!$G$47:$G$88,MATCH($B91&"|P5",'8_가정'!$A$47:$A$88,0)) -> 0.04 | AB91: =INDEX('8_가정'!$C$47:$C$88,MATCH($B91&"|P6",'8_가정'!$A$47:$A$88,0)) -> 0 | AC91: =INDEX('8_가정'!$D$47:$D$88,MATCH($B91&"|P6",'8_가정'!$A$47:$A$88,0)) -> 0 | AD91: =INDEX('8_가정'!$E$47:$E$88,MATCH($B91&"|P6",'8_가정'!$A$47:$A$88,0)) -> 0 | AE91: =INDEX('8_가정'!$F$47:$F$88,MATCH($B91&"|P6",'8_가정'!$A$47:$A$88,0)) -> 0 | AF91: =INDEX('8_가정'!$G$47:$G$88,MATCH($B91&"|P6",'8_가정'!$A$47:$A$88,0)) -> 0
... A115: ='4_매출_거래처'!D45 -> 삼성 글로벌 채널(B2B 오퍼링 번들·시니어 모바일 앱) | B115: ='4_매출_거래처'!I45 -> COH | C115: =INDEX('8_가정'!$C$47:$C$88,MATCH($B115&"|P1",'8_가정'!$A$47:$A$88,0)) -> 0.66 | D115: =INDEX('8_가정'!$D$47:$D$88,MATCH($B115&"|P1",'8_가정'!$A$47:$A$88,0)) -> 0.66 | E115: =INDEX('8_가정'!$E$47:$E$88,MATCH($B115&"|P1",'8_가정'!$A$47:$A$88,0)) -> 0.66 | F115: =INDEX('8_가정'!$F$47:$F$88,MATCH($B115&"|P1",'8_가정'!$A$47:$A$88,0)) -> 0.6 | G115: =INDEX('8_가정'!$G$47:$G$88,MATCH($B115&"|P1",'8_가정'!$A$47:$A$88,0)) -> 0.56 | H115: =INDEX('8_가정'!$C$47:$C$88,MATCH($B115&"|P2",'8_가정'!$A$47:$A$88,0)) -> 0.1 | I115: =INDEX('8_가정'!$D$47:$D$88,MATCH($B115&"|P2",'8_가정'!$A$47:$A$88,0)) -> 0.1 | J115: =INDEX('8_가정'!$E$47:$E$88,MATCH($B115&"|P2",'8_가정'!$A$47:$A$88,0)) -> 0.1 | K115: =INDEX('8_가정'!$F$47:$F$88,MATCH($B115&"|P2",'8_가정'!$A$47:$A$88,0)) -> 0.11 | L115: =INDEX('8_가정'!$G$47:$G$88,MATCH($B115&"|P2",'8_가정'!$A$47:$A$88,0)) -> 0.11 | M115: =INDEX('8_가정'!$C$47:$C$88,MATCH($B115&"|P3",'8_가정'!$A$47:$A$88,0)) -> 0.12 | N115: =INDEX('8_가정'!$D$47:$D$88,MATCH($B115&"|P3",'8_가정'!$A$47:$A$88,0)) -> 0.12 | O115: =INDEX('8_가정'!$E$47:$E$88,MATCH($B115&"|P3",'8_가정'!$A$47:$A$88,0)) -> 0.12 | P115: =INDEX('8_가정'!$F$47:$F$88,MATCH($B115&"|P3",'8_가정'!$A$47:$A$88,0)) -> 0.12 | Q115: =INDEX('8_가정'!$G$47:$G$88,MATCH($B115&"|P3",'8_가정'!$A$47:$A$88,0)) -> 0.12 | R115: =INDEX('8_가정'!$C$47:$C$88,MATCH($B115&"|P4",'8_가정'!$A$47:$A$88,0)) -> 0.08 | S115: =INDEX('8_가정'!$D$47:$D$88,MATCH($B115&"|P4",'8_가정'!$A$47:$A$88,0)) -> 0.08 | T115: =INDEX('8_가정'!$E$47:$E$88,MATCH($B115&"|P4",'8_가정'!$A$47:$A$88,0)) -> 0.08 | U115: =INDEX('8_가정'!$F$47:$F$88,MATCH($B115&"|P4",'8_가정'!$A$47:$A$88,0)) -> 0.11 | V115: =INDEX('8_가정'!$G$47:$G$88,MATCH($B115&"|P4",'8_가정'!$A$47:$A$88,0)) -> 0.13 | W115: =INDEX('8_가정'!$C$47:$C$88,MATCH($B115&"|P5",'8_가정'!$A$47:$A$88,0)) -> 0.02 | X115: =INDEX('8_가정'!$D$47:$D$88,MATCH($B115&"|P5",'8_가정'!$A$47:$A$88,0)) -> 0.02 | Y115: =INDEX('8_가정'!$E$47:$E$88,MATCH($B115&"|P5",'8_가정'!$A$47:$A$88,0)) -> 0.02 | Z115: =INDEX('8_가정'!$F$47:$F$88,MATCH($B115&"|P5",'8_가정'!$A$47:$A$88,0)) -> 0.04 | AA115: =INDEX('8_가정'!$G$47:$G$88,MATCH($B115&"|P5",'8_가정'!$A$47:$A$88,0)) -> 0.06 | AB115: =INDEX('8_가정'!$C$47:$C$88,MATCH($B115&"|P6",'8_가정'!$A$47:$A$88,0)) -> 0.02 | AC115: =INDEX('8_가정'!$D$47:$D$88,MATCH($B115&"|P6",'8_가정'!$A$47:$A$88,0)) -> 0.02 | AD115: =INDEX('8_가정'!$E$47:$E$88,MATCH($B115&"|P6",'8_가정'!$A$47:$A$88,0)) -> 0.02 | AE115: =INDEX('8_가정'!$F$47:$F$88,MATCH($B115&"|P6",'8_가정'!$A$47:$A$88,0)) -> 0.02 | AF115: =INDEX('8_가정'!$G$47:$G$88,MATCH($B115&"|P6",'8_가정'!$A$47:$A$88,0)) -> 0.02

Sheet 6_거래처현황
A1: 6_거래처현황 — 국내·해외 거래처 대장
A2: 출처: 거래처 매출표(2026-10-09) · IR 자료(2026-09-27판) · 입찰자료(KTPH-RFP-26-165-MJ) · 투자사 양식 회사연혁. 금액 미정 PoC는 매출에 반영하지 않고 신규 파이프라인 근거로만 표기.
A4: 구분 | B4: 국가 | C4: 거래처 | D4: 유형 | E4: 단계 | F4: 주요 내용 · 근거 | G4: 근거(IR 쪽·출처) | H4: 2027 모델 매출(S1, 천원) | I4: 모델 반영 | J4: 다음 마일스톤
A5: 국내 | B5: 한국 | C5: 네이버 스토어(베이비 Bebefit/Monit·위탁상품·엘더리) | D5: 온라인 B2C | E5: 기존 | F5: 네이버 온라인 판매(베이비·위탁·엘더리 상품). 2026-01~09 실적을 매출표 기준으로 반영 | G5: 매출표(2026-10-09) | H5: ='4_매출_거래처'!AW10+'4_매출_거래처'!AW11+'4_매출_거래처'!AW23 -> 510000 | I5: 2026 0.92억 / 2027 5.10억(매출표 월 패턴) | J5: 월별 실적 마감 반영
A6: 국내 | B6: 한국 | C6: 쿠팡(베이비·엘더리) | D6: 온라인 B2C | E6: 기존 | F6: 쿠팡 온라인 판매. 2026-01~09 실적 반영 | G6: 매출표(2026-10-09) | H6: ='4_매출_거래처'!AW12+'4_매출_거래처'!AW24 -> 375000 | I6: 2026 0.63억 / 2027 3.75억(매출표 월 패턴) | J6: 월별 실적 마감 반영
A7: 국내 | B7: 한국 | C7: 기타 B2C(베이비) | D7: 온라인 B2C | E7: 기존 | F7: 자사몰·기타 온라인 판매 | G7: 매출표(2026-10-09) | H7: ='4_매출_거래처'!AW13 -> 171000 | I7: 2026 0.29억 / 2027 1.71억(매출표 월 패턴)
A8: 국내 | B8: 한국 | C8: 국내 B2B(베이비·기타) | D8: 국내 B2B | E8: 기존 | F8: 국내 기관·기업 대상 판매(베이비 B2B 2026-12 1,000만원 예상, 기타 B2B 2026-07~08 실적 + 2026-11 3,950천원 예상) | G8: 매출표(2026-10-09) | H8: ='4_매출_거래처'!AW14+'4_매출_거래처'!AW26 -> 340000 | I8: 2026 0.15억 / 2027 3.40억(베이비 2.20억 월별 성장곡선 배분 · 국내 B2B 기타 1.20억 매출표 월 패턴)
A9: 국내 | B9: 한국 | C9: 국민건강보험공단(NHIS) 혁신 복지용구 | D9: B2G·제도 | E9: 등록 완료 | F9: 국내 최초 IT 제품으로 혁신 복지용구 선정(정부 보조금 85%), 전국 약 2,000개 매장 유통 확대. 지속 사용성 64%·편의성 71%·안전성 100%(설문) | G9: p.9·25 | H9: ='4_매출_거래처'!AW25 -> 300000 | I9: 2026 0.16억 / 2027 3.00억(매출표 월 패턴) · 2027-03 이후 월 3,000만원 | J9: 복지용구 매장 입점·실구매 개시
A10: 국내 | B10: 한국 | C10: 노인요양병원·시설(국내 1위 요양시설 기저귀 유통사 경유) | D10: 총판·기관 | E10: 진행 중 | F10: KB골든라이프케어·화이트하우스 요양원·가톨릭대 성빈센트병원 등 프리미엄 요양(삼성노블카운티는 별도 직접 계약 행으로 집계). 중장기 목표(IR SOM): 도입 시설 1,000곳·구독자 2만 명. 2027 계획 19.86억은 연 구독자 약 1,650명 수준 | G10: p.10·25 | H10: ='4_매출_거래처'!AW21 -> 1986200 | I10: 2026 0.63억 / 2027 19.86억(매출표 월 패턴) · 2027은 IR p.25 표 금액 | J10: 유통사 계약 체결·도입 시설 수 확대
A11: 국내 | B11: 한국 | C11: 삼성노블카운티 | D11: 기관(직접) | E11: 계약 | F11: 요양시설 레퍼런스(IR p.10). 2026-11~12 월 790만원 예상, 2027 월 790만원(연 9,480만원) | G11: p.10 | H11: ='4_매출_거래처'!AW20 -> 94800 | I11: 2026 0.16억 / 2027 0.95억(매출표 월 패턴) | J11: 정기 발주 개시
A12: 국내 | B12: 한국 | C12: 피플앤테크놀로지 실증사업 | D12: 기관(직접) | E12: 계약 | F12: 실증사업: 2026-11 4,000천원, 2027 연 1,600만원 | G12: 매출표(2026-10-09) | H12: ='4_매출_거래처'!AW22 -> 16000 | I12: 2026 0.04억 / 2027 0.16억(월별 성장곡선 배분) | J12: 실증사업 정산·후속 계약
A13: 국내 | B13: 한국 | C13: APP(Asia Pulp & Paper / Sinarmas) — 키퍼스 시니어 팬티형 | D13: 파트너 | E13: 계약 | F13: 스마트 팬티형 기저귀 연 구독 모델(공급+센서+서비스). B2C 기저귀 판매의 70% 이상이 팬티형 | G13: p.11·25 | H13: ='4_매출_거래처'!AW27 -> 1440000 | I13: 2026 3.60억 / 2027 14.40억(매출표 월 패턴) | J13: 제품 출시·초도 발주
A14: 국내 | B14: 한국 | C14: APP — 스마트 베이비 기저귀(Beffys) | D14: 파트너 | E14: 계약 | F14: 프리미엄 베이비 구독, 배변·수면 패턴 AI 분석 | G14: p.12·25 | H14: ='4_매출_거래처'!AW15 -> 1200000 | I14: 2026 0.00억 / 2027 12.00억(매출표 월 패턴) | J14: 제품 출시·초도 발주
A15: 해외 | B15: 일본 | C15: HeartKium(HEARTCARE 오사카 요양시설) 총판 | D15: 총판 | E15: 계약 | F15: 오사카 요양시설 14곳 계약(→ 23곳), 기저귀 100만개·센싱 시스템 2,000대 공급 | G15: p.13·23·25 | H15: ='4_매출_거래처'!AW28 -> 360000 | I15: 2026 0.00억 / 2027 3.60억(월별 성장곡선 배분) | J15: 오사카 시설 23곳 확대·정기 발주
A16: 해외 | B16: 일본 | C16: TAIS(Technical Aids Information System) by JAIS | D16: 제도 등록 | E16: 등록 완료 | F16: 일본 복지용구 정보시스템 등록 완료 | G16: p.13·25 | H16: ='4_매출_거래처'!AW29 -> 120000 | I16: 2026 0.00억 / 2027 1.20억(월별 성장곡선 배분) | J16: TAIS 채널 도입(시설·재가) 개시
A17: 해외 | B17: 인도 | C17: 케랄라 주정부(인도) | D17: 정부 | E17: 기존 | F17: 매출표 인도 행. 2027 연 6,000만원(8월 개시) | G17: 매출표(2026-10-09) | H17: ='4_매출_거래처'!AW30 -> 60000 | I17: 2026 0.00억 / 2027 0.60억(월별 성장곡선 배분) | J17: 발주 이행
A18: 해외 | B18: 인도 | C18: 인도 뉴델리 디스트리뷰터 | D18: 총판 | E18: 진행 중 | F18: 2026-12 초도 2,000만원, 2027 연 6,000만원, 2028~30 연간 입력(2.0억·6.0억·10억) | G18: 매출표(2026-10-09) | H18: ='4_매출_거래처'!AW31 -> 60000 | I18: 2026 0.20억 / 2027 0.60억(월별 성장곡선 배분) · 2028~30 연간 입력 | J18: 디스트리뷰터 계약 체결·초도 발주
A19: 해외 | B19: 인도 | C19: 인도 뭄바이 디스트리뷰터 | D19: 총판 | E19: 진행 중 | F19: 2027 연 8,000만원, 2028~30 연간 입력(2.0억·6.0억·10억) | G19: 매출표(2026-10-09) | H19: ='4_매출_거래처'!AW32 -> 80000 | I19: 2026 0.00억 / 2027 0.80억(월별 성장곡선 배분) · 2028~30 연간 입력 | J19: 디스트리뷰터 계약 체결·초도 발주
A20: 해외 | B20: 싱가포르 | C20: Intega Healthcare(싱가포르·말레이시아·태국 총판) | D20: 총판 | E20: 계약 | F20: 싱가포르 총판. 회사연혁: 2026-01 첫 수출(USD 17,440). 매출표 2026 실적은 1·3월 12,879·13,042천원, 11월 23,625천원(SGD 22,500) 예상 | G20: p.23·25 | H20: ='4_매출_거래처'!AW36 -> 300000 | I20: 2026 0.50억 / 2027 3.00억(월별 성장곡선 배분) | J20: 정기 발주 이행
A21: 해외 | B21: 싱가포르 | C21: NHG(KTPH·TTSH·Woodlands Health) 스마트 병동 | D21: 공공병원 | E21: 단독입찰 제안(LOA 대기) | F21: 단독입찰 제안(LOA 대기). RFP KTPH-RFP-26-165-MJ(ALPS 대행) 2026-09 제안서 제출, 센서 135·게이트웨이 40~53대, 병동별 최종검수 후 청구, 대금 60일. SGD 180,000은 RFP 초안 기준 금액 | G21: p.14~17 | H21: ='4_매출_거래처'!AW38 -> 400000 | I21: 2026 1.89억 / 2027 4.00억(매출표 월 패턴) · 단독입찰 제안(LOA 대기) | J21: LOA 수령(입찰 결과) 후 병동별 납품·검수
A22: 해외 | B22: 싱가포르 | C22: IMH(국립정신건강원) | D22: 공공(R&D) | E22: 계약 | F22: 스마트 욕창 케어 솔루션 R&D 프로젝트(SGD 45,000을 2026-10·11월 50%씩, 각 23,625천원) | G22: p.20·25 | H22: ='4_매출_거래처'!AW39 -> 180000 | I22: 2026 0.47억 / 2027 1.80억(월별 성장곡선 배분) · 2026-10·11월 각 23,625천원 | J22: R&D 프로젝트 수행·상용 전환 협의
A23: 해외 | B23: 싱가포르 | C23: Vanguard Healthcare | D23: 기관 | E23: 계약 | F23: 요양원 5곳·병상 1,200+, 입소자 300명 구독 계약 확정(연 USD 285,840) | G23: p.18·25 | H23: - | I23: 거래처 매출표에 없음 → 미반영 | J23: 계약 개시 후 매출 반영
A24: 해외 | B24: 싱가포르 | C24: SingHealth Polyclinics | D24: PoC | E24: PoC | F24: 원격의료 PoC(참여자 30명, 논문 발표 예정). 매출 금액 미정 | G24: p.19 | H24: - | I24: 미반영(신규 파이프라인 근거) | J24: PoC 종료·상용 전환
A25: 해외 | B25: 싱가포르 | C25: NTUC Health | D25: PoC | E25: PoC | F25: 요양원 6·주간보호 26·재가 5,000명 규모. 방문 케어 센터와 PoC 진행 중 | G25: p.29 | H25: - | I25: 미반영(신규 파이프라인 근거) | J25: PoC 진행·구매 절차
A26: 해외 | B26: 말레이시아 | C26: Sunway Sanctuary | D26: PoC/R&D | E26: PoC / R&D | F26: 병원 연계형 시니어 레지던스. PoC 및 R&D 협업 → 상용 전환 가정 | G26: p.31·25 | H26: ='4_매출_거래처'!AW37 -> 50000 | I26: 2026 0.00억 / 2027 0.50억(월별 성장곡선 배분) · PoC 단계(매출 불확실) | J26: PoC 결과·상용 계약 협의
A27: 해외 | B27: 말레이시아 | C27: IHH Healthcare | D27: PoC | E27: PoC | F27: 최대 민간 케어 그룹. PoC 및 구매 절차 준비 완료(SG·MY 병원 22곳) | G27: p.30 | H27: - | I27: 미반영(신규 파이프라인 근거) | J27: 구매 절차 완료·발주
A28: 해외 | B28: 말레이시아 | C28: Econ Healthcare | D28: PoC | E28: PoC | F28: 요양원 10곳(SG 8·MY 2), PoC 및 사업 논의 중 | G28: p.32·25 | H28: - | I28: 미반영(금액 미정) | J28: 사업 논의 진행
A29: 해외 | B29: 말레이시아 | C29: ACG | D29: 협의 | E29: 진행 중 | F29: IR 표에 금액 미정으로 표기 | G29: p.25 | H29: - | I29: 미반영(금액 미정) | J29: 협의 진행
A30: 해외 | B30: 태국 | C30: Punnita House(베이비) | D30: 총판(베이비) | E30: 계약 | F30: 베이비 스마트 기저귀 총판. 2026-03·06 실적. USD 30,000 발주: 2026-12 선금 50%(2,000만원) + 잔금 50%(2,000만원)는 2027-01에 반영 | G30: p.23·25 | H30: ='4_매출_거래처'!AW17 -> 120000 | I30: 2026 0.66억 / 2027 1.20억(월별 성장곡선 배분) · 2027-01 잔금 2,000만원 포함 | J30: 잔금 수령(2027-01 예정)
A31: 해외 | B31: 대만 | C31: Little Loft(베이비) | D31: 총판(베이비) | E31: 계약 | F31: 베이비 스마트 기저귀 총판. 2026-05·06 실적 + 11월 2,000만원 예상 | G31: p.23·25 | H31: ='4_매출_거래처'!AW16 -> 100000 | I31: 2026 0.51억 / 2027 1.00억(월별 성장곡선 배분) | J31: 11월 발주·2027 격월 발주
A32: 해외 | B32: 동남아 | C32: 신규 거래선-1 Swara Baby / 신규 거래선-2(베이비) | D32: 총판(베이비) | E32: 진행 중 | F32: 2027 신규 베이비 총판(매출표 기재) | G32: 매출표(2026-10-09) | H32: ='4_매출_거래처'!AW18+'4_매출_거래처'!AW19 -> 180000 | I32: 2026 0.00억 / 2027 1.80억(월별 성장곡선 배분) | J32: 계약 체결·초도 발주
A33: 해외 | B33: 네덜란드 | C33: GISI Distribution(IR p.25 표기 GIV) | D33: 총판 | E33: 계약 | F33: 유럽 총판(네덜란드·룩셈부르크·독일·폴란드). 2026-09 €24,000(매출표 환산 31,303천원) 반영 | G33: p.23·25 | H33: ='4_매출_거래처'!AW33 -> 150000 | I33: 2026 0.70억 / 2027 1.50억(월별 성장곡선 배분) | J33: 정기 발주 이행
A34: 해외 | B34: 폴란드 | C34: NEUCA(폴란드 총판) | D34: 총판 | E34: 접촉 | F34: 폴란드 총판. 초기 접촉 단계 | G34: p.25 | H34: ='4_매출_거래처'!AW34 -> 150000 | I34: 2026 0.00억 / 2027 1.50억(월별 성장곡선 배분) | J34: 계약 체결·초도 발주
A35: 해외 | B35: 독일 | C35: Armedion(독일 총판) | D35: 총판 | E35: 진행 중 | F35: 2026-12 5,000만원 발주 예상(매출표), 2027 입력 | G35: 매출표(2026-10-09) | H35: ='4_매출_거래처'!AW35 -> 150000 | I35: 2026 0.50억 / 2027 1.50억(월별 성장곡선 배분) | J35: 발주 이행
A36: 해외 | B36: 호주·뉴질랜드 | C36: Healthbeats(호주·뉴질랜드 총판) | D36: 총판 | E36: 계약 | F36: 호주·뉴질랜드 해외 총판(IR 지도) | G36: p.23·25 | H36: ='4_매출_거래처'!AW40 -> 300000 | I36: 2026 0.02억 / 2027 3.00억(월별 성장곡선 배분)
A37: 해외 | B37: 포르투갈 | C37: HITecosystem | D37: 협의 | E37: 진행 중 | F37: IR 표에 금액 미정으로 표기 | G37: p.25 | H37: - | I37: 미반영(금액 미정)
A38: 해외 | B38: 미국 | C38: Shelter Device | D38: 협의 | E38: 진행 중 | F38: 금액 미정. 2029 미국 의료 유통 채널 진입의 출발점(PoC·초기 공급은 4_매출_거래처 미국 파이프라인 행의 2027~28 입력으로 가정 반영) | G38: p.24·25 | H38: - | I38: 미반영(신규 파이프라인 근거) | J38: FDA 등 인허가 진행
A39: 해외 | B39: 중국 | C39: Hansoms(Xiamen) | D39: 공급·전략투자 | E39: 계약 | F39: 전략적 현물출자 계약(2026-08 효력): 보통주 최대 3,102주(주당 USD 144.42), 제품 납품·검수 후 회차별 발행. 약 2,500만원 상당 제품 납품 완료. 매출 거래처가 아닌 기저귀 공급 파트너 | G39: 회사연혁 | H39: - | I39: 매출 아님. 현물출자 재고는 공정가치로 자산·자본 인식 후 판매 시 매출원가 → 손익 영향 없음(현금 지출 절감) | J39: 잔여 물량 납품·검수 후 회차별 지분 발행
C40: 2027 모델 매출 합계(S1) — 신규 파이프라인 코호트·삼성 글로벌 채널 제외 | H40: =SUM(H5:H39) -> 9193000
C41: 신규 파이프라인 코호트(2027) + 삼성 글로벌 채널(2027) | H41: ='4_매출_거래처'!AW41+'4_매출_거래처'!AW42+'4_매출_거래처'!AW43+'4_매출_거래처'!AW44+'4_매출_거래처'!AW45 -> 812000
C42: 2027 거래처 매출 전체 합계(= 4_매출_거래처 A블록) | H42: =H40+H41 -> 10005000
C43: 검증: 위 합계 − 4_매출_거래처 A합계(0이어야 함) | H43: =H42-'4_매출_거래처'!AW46 -> 0

Sheet 7_비용인력
A1: 7_비용인력 — 인원 · 판매비와관리비 · 영업외 · 법인세
A2: 단위: 천원. 인원 계획(S1)은 파란색 입력, 선택 시나리오에서는 매출 달성률에 따라 탄력 조정됩니다.
A5: 계정 | B5: 비고 | C5: 2026-01 | D5: 2026-02 | E5: 2026-03 | F5: 2026-04 | G5: 2026-05 | H5: 2026-06 | I5: 2026-07 | J5: 2026-08 | K5: 2026-09 | L5: 2026-10 | M5: 2026-11 | N5: 2026-12 | O5: FY2026 | P5: 2027-01 | Q5: 2027-02 | R5: 2027-03 | S5: 2027-04 | T5: 2027-05 | U5: 2027-06 | V5: 2027-07 | W5: 2027-08 | X5: 2027-09 | Y5: 2027-10 | Z5: 2027-11 | AA5: 2027-12 | AB5: FY2027 | AC5: 2028E | AD5: 2029E | AE5: 2030E | AF5: 5개년 합계
C6: 잠정 | D6: 잠정 | E6: 잠정 | F6: 잠정 | G6: 잠정 | H6: 잠정 | I6: 잠정 | J6: 잠정 | K6: 잠정 | L6: 계획 | M6: 계획 | N6: 계획 | O6: FY합계 | P6: 계획 | Q6: 계획 | R6: 계획 | S6: 계획 | T6: 계획 | U6: 계획 | V6: 계획 | W6: 계획 | X6: 계획 | Y6: 계획 | Z6: 계획 | AA6: 계획 | AB6: FY합계 | AC6: 계획(연) | AD6: 계획(연) | AE6: 계획(연) | AF6: 합계
A7: A. 매출 연동 계수
A8: 매출(선택 시나리오) | B8: 손익계산서 연동 | C8: ='2_손익계산서'!C19 -> 47067 | D8: ='2_손익계산서'!D19 -> 36140 | E8: ='2_손익계산서'!E19 -> 56454 | F8: ='2_손익계산서'!F19 -> 10935 | G8: ='2_손익계산서'!G19 -> 22317 | H8: ='2_손익계산서'!H19 -> 51453 | I8: ='2_손익계산서'!I19 -> 13314 | J8: ='2_손익계산서'!J19 -> 7926 | ... AF8: ='2_손익계산서'!AF19 -> 270206217
A9: 매출(S1 기준) | B9: 4_매출_거래처 A블록 | C9: ='4_매출_거래처'!X46 -> 47067 | D9: ='4_매출_거래처'!Y46 -> 36140 | E9: ='4_매출_거래처'!Z46 -> 56454 | F9: ='4_매출_거래처'!AA46 -> 10935 | G9: ='4_매출_거래처'!AB46 -> 22317 | H9: ='4_매출_거래처'!AC46 -> 51453 | I9: ='4_매출_거래처'!AD46 -> 13314 | J9: ='4_매출_거래처'!AE46 -> 7926 | ... N9: ='4_매출_거래처'!AI46 -> 492637 | O9: ='4_매출_거래처'!AV46 -> 1201217 | P9: ='4_매출_거래처'!AJ46 -> 488011 | Q9: ='4_매출_거래처'!AK46 -> 518130 | R9: ='4_매출_거래처'!AL46 -> 642594 | S9: ='4_매출_거래처'!AM46 -> 721010 | T9: ='4_매출_거래처'!AN46 -> 776441 | U9: ='4_매출_거래처'!AO46 -> 815573 | V9: ='4_매출_거래처'!AP46 -> 883990 | W9: ='4_매출_거래처'!AQ46 -> 915762 | ... AA9: ='4_매출_거래처'!AU46 -> 1141055 | AB9: ='4_매출_거래처'!AW46 -> 10005000 | AC9: ='4_매출_거래처'!AX46 -> 33000000 | AD9: ='4_매출_거래처'!AY46 -> 70000000 | AE9: ='4_매출_거래처'!AZ46 -> 156000000 | AF9: ='4_매출_거래처'!BA46 -> 270206217
A10: 매출 달성률 = 선택/S1(월별) | B10: 인원 탄력 계산에 사용(2026-01~09 실적월은 100%) | C10: =IFERROR(C8/C9,1) -> 1 | D10: =IFERROR(D8/D9,1) -> 1 | E10: =IFERROR(E8/E9,1) -> 1 | F10: =IFERROR(F8/F9,1) -> 1 | G10: =IFERROR(G8/G9,1) -> 1 | H10: =IFERROR(H8/H9,1) -> 1 | I10: =IFERROR(I8/I9,1) -> 1 | J10: =IFERROR(J8/J9,1) -> 1 | ... AF10: =IFERROR(AF8/AF9,1) -> 1
A11: 개발비 자본화율(급여·퇴직·복리 대비) | B11: 8_가정 | C11: ='8_가정'!$C$99 -> 0.4 | D11: ='8_가정'!$C$99 -> 0.4 | E11: ='8_가정'!$C$99 -> 0.4 | F11: ='8_가정'!$C$99 -> 0.4 | G11: ='8_가정'!$C$99 -> 0.4 | H11: ='8_가정'!$C$99 -> 0.4 | I11: ='8_가정'!$C$99 -> 0.4 | J11: ='8_가정'!$C$99 -> 0.4 | ... O11: ='8_가정'!$C$99 -> 0.4 | P11: ='8_가정'!$D$99 -> 0.2 | Q11: ='8_가정'!$D$99 -> 0.2 | R11: ='8_가정'!$D$99 -> 0.2 | S11: ='8_가정'!$D$99 -> 0.2 | T11: ='8_가정'!$D$99 -> 0.2 | U11: ='8_가정'!$D$99 -> 0.2 | V11: ='8_가정'!$D$99 -> 0.2 | W11: ='8_가정'!$D$99 -> 0.2 | ... AB11: ='8_가정'!$D$99 -> 0.2 | AC11: ='8_가정'!$E$99 -> 0.1 | AD11: ='8_가정'!$F$99 -> 0.05 | AE11: ='8_가정'!$G$99 -> 0.05
A12: B. 인원
A13: 인원 계획 — S1(기말, 명) | B13: 입력(파란색) | C13: 7 | D13: 7 | E13: 7 | F13: 7 | G13: 7 | H13: 7 | I13: 7 | J13: 7 | K13: 7 | L13: 7 | M13: 7 | N13: 7 | O13: =N13 -> 7 | P13: 8 | Q13: 9 | R13: 10 | S13: 11 | T13: 12 | U13: 13 | V13: 14 | W13: 15 | X13: 16 | Y13: 18 | Z13: 20 | AA13: 22 | AB13: =AA13 -> 22 | AC13: 85 | AD13: 130 | AE13: 260
A14: 인원 — 선택 시나리오(기말, 명) | B14: S1×(1−탄력+탄력×달성률), 하한 = 기존 인력 7명, 2026은 현 인력 유지 | C14: =C13 -> 7 | D14: =D13 -> 7 | E14: =E13 -> 7 | F14: =F13 -> 7 | G14: =G13 -> 7 | H14: =H13 -> 7 | I14: =I13 -> 7 | J14: =J13 -> 7 | ... N14: =N13 -> 7 | O14: =N14 -> 7 | P14: =MAX('8_가정'!$C$97,P13*(1-'8_가정'!$C$24+'8_가정'!$C$24*P10)) -> 8 | Q14: =MAX('8_가정'!$C$97,Q13*(1-'8_가정'!$C$24+'8_가정'!$C$24*Q10)) -> 9 | R14: =MAX('8_가정'!$C$97,R13*(1-'8_가정'!$C$24+'8_가정'!$C$24*R10)) -> 10 | S14: =MAX('8_가정'!$C$97,S13*(1-'8_가정'!$C$24+'8_가정'!$C$24*S10)) -> 11 | T14: =MAX('8_가정'!$C$97,T13*(1-'8_가정'!$C$24+'8_가정'!$C$24*T10)) -> 12 | U14: =MAX('8_가정'!$C$97,U13*(1-'8_가정'!$C$24+'8_가정'!$C$24*U10)) -> 13 | V14: =MAX('8_가정'!$C$97,V13*(1-'8_가정'!$C$24+'8_가정'!$C$24*V10)) -> 14 | W14: =MAX('8_가정'!$C$97,W13*(1-'8_가정'!$C$24+'8_가정'!$C$24*W10)) -> 15 | ... AA14: =MAX('8_가정'!$C$97,AA13*(1-'8_가정'!$C$24+'8_가정'!$C$24*AA10)) -> 22 | AB14: =AA14 -> 22 | AC14: =MAX('8_가정'!$C$97,AC13*(1-'8_가정'!$C$24+'8_가정'!$C$24*AC10)) -> 85 | AD14: =MAX('8_가정'!$C$97,AD13*(1-'8_가정'!$C$24+'8_가정'!$C$24*AD10)) -> 130 | AE14: =MAX('8_가정'!$C$97,AE13*(1-'8_가정'!$C$24+'8_가정'!$C$24*AE10)) -> 260
A15: 비용 산정 인원(월: 당월말, 연: 평균) | C15: =C14 -> 7 | D15: =D14 -> 7 | E15: =E14 -> 7 | F15: =F14 -> 7 | G15: =G14 -> 7 | H15: =H14 -> 7 | I15: =I14 -> 7 | J15: =J14 -> 7 | ... N15: =N14 -> 7 | O15: =AVERAGE(C14:N14) -> 7 | P15: =P14 -> 8 | Q15: =Q14 -> 9 | R15: =R14 -> 10 | S15: =S14 -> 11 | T15: =T14 -> 12 | U15: =U14 -> 13 | V15: =V14 -> 14 | W15: =W14 -> 15 | ... AA15: =AA14 -> 22 | AB15: =AVERAGE(P14:AA14) -> 14 | AC15: =AVERAGE(AB14,AC14) -> 53.5 | AD15: =AVERAGE(AC14,AD14) -> 107.5 | AE15: =AVERAGE(AD14,AE14) -> 195
A16: 기존 인력 1인당 월 평균급여(천원) | B16: 2026 회사 지정값, 2027~ × (1+인상률) | C16: ='8_가정'!$C$94 -> 4339 | D16: ='8_가정'!$C$94 -> 4339 | E16: ='8_가정'!$C$94 -> 4339 | F16: ='8_가정'!$C$94 -> 4339 | G16: ='8_가정'!$C$94 -> 4339 | H16: ='8_가정'!$C$94 -> 4339 | I16: ='8_가정'!$C$94 -> 4339 | J16: ='8_가정'!$C$94 -> 4339 | ... O16: ='8_가정'!$C$94 -> 4339 | P16: ='8_가정'!$D$94 -> 4642.73 | Q16: ='8_가정'!$D$94 -> 4642.73 | R16: ='8_가정'!$D$94 -> 4642.73 | S16: ='8_가정'!$D$94 -> 4642.73 | T16: ='8_가정'!$D$94 -> 4642.73 | U16: ='8_가정'!$D$94 -> 4642.73 | V16: ='8_가정'!$D$94 -> 4642.73 | W16: ='8_가정'!$D$94 -> 4642.73 | ... AB16: ='8_가정'!$D$94 -> 4642.73 | AC16: ='8_가정'!$E$94 -> 4967.7211 | AD16: ='8_가정'!$F$94 -> 5315.4616 | AE16: ='8_가정'!$G$94 -> 5687.5439
A17: 신규 채용 1인당 월 급여(천원) | B17: 고정(인상률 미적용) | C17: ='8_가정'!$C$96 -> 4339 | D17: ='8_가정'!$C$96 -> 4339 | E17: ='8_가정'!$C$96 -> 4339 | F17: ='8_가정'!$C$96 -> 4339 | G17: ='8_가정'!$C$96 -> 4339 | H17: ='8_가정'!$C$96 -> 4339 | I17: ='8_가정'!$C$96 -> 4339 | J17: ='8_가정'!$C$96 -> 4339 | ... AE17: ='8_가정'!$C$96 -> 4339
A18: C. 판매비와관리비
A19: 급여 | B19: 급여 총액(61행) × (1−자본화율) — 자본화분은 31행 | C19: =C61*(1-C11) -> 23833.8 | D19: =D61*(1-D11) -> 23833.8 | E19: =E61*(1-E11) -> 23833.8 | F19: =F61*(1-F11) -> 23833.8 | G19: =G61*(1-G11) -> 23833.8 | H19: =H61*(1-H11) -> 23833.8 | I19: =I61*(1-I11) -> 23833.8 | J19: =J61*(1-J11) -> 23833.8 | ... N19: =N61*(1-N11) -> 23833.8 | O19: =SUM(C19:N19) -> 286005.6 | P19: =P61*(1-P11) -> 36707.504 | Q19: =Q61*(1-Q11) -> 40178.704 | R19: =R61*(1-R11) -> 43649.904 | S19: =S61*(1-S11) -> 47121.104 | T19: =T61*(1-T11) -> 50592.304 | U19: =U61*(1-U11) -> 54063.504 | V19: =V61*(1-V11) -> 57534.704 | W19: =W61*(1-W11) -> 61005.904 | ... AA19: =AA61*(1-AA11) -> 85304.304 | AB19: =SUM(P19:AA19) -> 690416.45 | AC19: =AC61*(1-AC11) -> 2648795.3 | AD19: =AD61*(1-AD11) -> 5490824.5 | AE19: =AE61*(1-AE11) -> 9844427.4 | AF19: =O19+AB19+AC19+AD19+AE19 -> 18960469
